Date,Crimes
1/1/03,622
1/2/03,411
1/3/03,440
1/4/03,347
1/5/03,377
1/6/03,400
1/7/03,418
1/8/03,528
1/9/03,417
1/10/03,399
1/11/03,363
1/12/03,324
1/13/03,398
1/14/03,406
1/15/03,410
1/16/03,406
1/17/03,444
1/18/03,352
1/19/03,305
1/20/03,414
1/21/03,380
1/22/03,458
1/23/03,454
1/24/03,466
1/25/03,469
1/26/03,341
1/27/03,417
1/28/03,445
1/29/03,510
1/30/03,416
1/31/03,419
2/1/03,437
2/2/03,355
2/3/03,424
2/4/03,450
2/5/03,406
2/6/03,474
2/7/03,506
2/8/03,374
2/9/03,360
2/10/03,511
2/11/03,427
2/12/03,422
2/13/03,434
2/14/03,443
2/15/03,366
2/16/03,332
2/17/03,381
2/18/03,485
2/19/03,465
2/20/03,424
2/21/03,417
2/22/03,432
2/23/03,366
2/24/03,406
2/25/03,439
2/26/03,491
2/27/03,443
2/28/03,454
3/1/03,471
3/2/03,358
3/3/03,393
3/4/03,464
3/5/03,418
3/6/03,423
3/7/03,493
3/8/03,417
3/9/03,359
3/10/03,411
3/11/03,461
3/12/03,505
3/13/03,427
3/14/03,503
3/15/03,418
3/16/03,363
3/17/03,411
3/18/03,430
3/19/03,339
3/20/03,460
3/21/03,402
3/22/03,382
3/23/03,323
3/24/03,383
3/25/03,410
3/26/03,441
3/27/03,469
3/28/03,449
3/29/03,434
3/30/03,396
3/31/03,385
4/1/03,524
4/2/03,444
4/3/03,440
4/4/03,487
4/5/03,413
4/6/03,343
4/7/03,342
4/8/03,451
4/9/03,484
4/10/03,476
4/11/03,533
4/12/03,363
4/13/03,389
4/14/03,459
4/15/03,462
4/16/03,373
4/17/03,406
4/18/03,442
4/19/03,366
4/20/03,369
4/21/03,385
4/22/03,423
4/23/03,514
4/24/03,411
4/25/03,433
4/26/03,455
4/27/03,324
4/28/03,399
4/29/03,415
4/30/03,416
5/1/03,499
5/2/03,448
5/3/03,338
5/4/03,341
5/5/03,400
5/6/03,434
5/7/03,415
5/8/03,452
5/9/03,432
5/10/03,373
5/11/03,337
5/12/03,442
5/13/03,474
5/14/03,464
5/15/03,450
5/16/03,446
5/17/03,337
5/18/03,376
5/19/03,389
5/20/03,411
5/21/03,395
5/22/03,428
5/23/03,412
5/24/03,386
5/25/03,316
5/26/03,354
5/27/03,454
5/28/03,373
5/29/03,445
5/30/03,395
5/31/03,389
6/1/03,442
6/2/03,448
6/3/03,407
6/4/03,435
6/5/03,423
6/6/03,414
6/7/03,339
6/8/03,381
6/9/03,406
6/10/03,461
6/11/03,391
6/12/03,426
6/13/03,439
6/14/03,355
6/15/03,320
6/16/03,379
6/17/03,378
6/18/03,393
6/19/03,399
6/20/03,447
6/21/03,379
6/22/03,299
6/23/03,404
6/24/03,406
6/25/03,428
6/26/03,458
6/27/03,391
6/28/03,381
6/29/03,344
6/30/03,361
7/1/03,522
7/2/03,408
7/3/03,479
7/4/03,373
7/5/03,345
7/6/03,350
7/7/03,395
7/8/03,414
7/9/03,401
7/10/03,394
7/11/03,450
7/12/03,345
7/13/03,358
7/14/03,352
7/15/03,442
7/16/03,477
7/17/03,433
7/18/03,425
7/19/03,479
7/20/03,382
7/21/03,423
7/22/03,390
7/23/03,422
7/24/03,393
7/25/03,430
7/26/03,361
7/27/03,327
7/28/03,379
7/29/03,384
7/30/03,321
7/31/03,325
8/1/03,476
8/2/03,388
8/3/03,363
8/4/03,386
8/5/03,393
8/6/03,418
8/7/03,458
8/8/03,395
8/9/03,398
8/10/03,384
8/11/03,419
8/12/03,426
8/13/03,453
8/14/03,445
8/15/03,475
8/16/03,377
8/17/03,322
8/18/03,372
8/19/03,425
8/20/03,456
8/21/03,454
8/22/03,479
8/23/03,401
8/24/03,381
8/25/03,396
8/26/03,418
8/27/03,451
8/28/03,471
8/29/03,397
8/30/03,432
8/31/03,384
9/1/03,423
9/2/03,389
9/3/03,384
9/4/03,369
9/5/03,470
9/6/03,419
9/7/03,385
9/8/03,388
9/9/03,435
9/10/03,450
9/11/03,498
9/12/03,459
9/13/03,426
9/14/03,366
9/15/03,429
9/16/03,452
9/17/03,415
9/18/03,470
9/19/03,444
9/20/03,420
9/21/03,395
9/22/03,444
9/23/03,501
9/24/03,477
9/25/03,399
9/26/03,485
9/27/03,415
9/28/03,351
9/29/03,415
9/30/03,425
10/1/03,521
10/2/03,447
10/3/03,459
10/4/03,354
10/5/03,373
10/6/03,390
10/7/03,468
10/8/03,447
10/9/03,388
10/10/03,392
10/11/03,398
10/12/03,373
10/13/03,410
10/14/03,442
10/15/03,430
10/16/03,484
10/17/03,440
10/18/03,369
10/19/03,357
10/20/03,436
10/21/03,471
10/22/03,477
10/23/03,413
10/24/03,447
10/25/03,355
10/26/03,337
10/27/03,375
10/28/03,459
10/29/03,407
10/30/03,448
10/31/03,483
11/1/03,508
11/2/03,345
11/3/03,440
11/4/03,411
11/5/03,389
11/6/03,380
11/7/03,420
11/8/03,369
11/9/03,374
11/10/03,409
11/11/03,376
11/12/03,420
11/13/03,428
11/14/03,449
11/15/03,409
11/16/03,319
11/17/03,427
11/18/03,432
11/19/03,420
11/20/03,403
11/21/03,422
11/22/03,408
11/23/03,338
11/24/03,351
11/25/03,397
11/26/03,458
11/27/03,316
11/28/03,355
11/29/03,364
11/30/03,290
12/1/03,432
12/2/03,395
12/3/03,386
12/4/03,395
12/5/03,423
12/6/03,345
12/7/03,289
12/8/03,385
12/9/03,357
12/10/03,365
12/11/03,409
12/12/03,393
12/13/03,322
12/14/03,322
12/15/03,401
12/16/03,442
12/17/03,367
12/18/03,391
12/19/03,355
12/20/03,365
12/21/03,361
12/22/03,392
12/23/03,346
12/24/03,287
12/25/03,234
12/26/03,284
12/27/03,321
12/28/03,296
12/29/03,316
12/30/03,372
12/31/03,323
1/1/04,459
1/2/04,348
1/3/04,354
1/4/04,351
1/5/04,429
1/6/04,390
1/7/04,445
1/8/04,417
1/9/04,400
1/10/04,421
1/11/04,339
1/12/04,425
1/13/04,453
1/14/04,454
1/15/04,443
1/16/04,464
1/17/04,397
1/18/04,360
1/19/04,423
1/20/04,420
1/21/04,462
1/22/04,439
1/23/04,489
1/24/04,459
1/25/04,405
1/26/04,415
1/27/04,426
1/28/04,453
1/29/04,463
1/30/04,475
1/31/04,408
2/1/04,370
2/2/04,373
2/3/04,464
2/4/04,416
2/5/04,405
2/6/04,485
2/7/04,407
2/8/04,339
2/9/04,430
2/10/04,432
2/11/04,428
2/12/04,473
2/13/04,437
2/14/04,395
2/15/04,413
2/16/04,332
2/17/04,393
2/18/04,406
2/19/04,433
2/20/04,452
2/21/04,367
2/22/04,354
2/23/04,497
2/24/04,420
2/25/04,370
2/26/04,389
2/27/04,459
2/28/04,405
2/29/04,389
3/1/04,456
3/2/04,475
3/3/04,475
3/4/04,462
3/5/04,493
3/6/04,413
3/7/04,360
3/8/04,392
3/9/04,493
3/10/04,490
3/11/04,458
3/12/04,473
3/13/04,378
3/14/04,297
3/15/04,349
3/16/04,496
3/17/04,437
3/18/04,408
3/19/04,416
3/20/04,408
3/21/04,372
3/22/04,387
3/23/04,455
3/24/04,447
3/25/04,388
3/26/04,417
3/27/04,401
3/28/04,405
3/29/04,386
3/30/04,432
3/31/04,424
4/1/04,563
4/2/04,507
4/3/04,394
4/4/04,391
4/5/04,418
4/6/04,402
4/7/04,409
4/8/04,429
4/9/04,443
4/10/04,371
4/11/04,331
4/12/04,407
4/13/04,370
4/14/04,418
4/15/04,412
4/16/04,462
4/17/04,500
4/18/04,389
4/19/04,413
4/20/04,401
4/21/04,368
4/22/04,364
4/23/04,505
4/24/04,493
4/25/04,430
4/26/04,415
4/27/04,472
4/28/04,421
4/29/04,441
4/30/04,426
5/1/04,482
5/2/04,382
5/3/04,393
5/4/04,432
5/5/04,433
5/6/04,449
5/7/04,475
5/8/04,411
5/9/04,384
5/10/04,392
5/11/04,458
5/12/04,453
5/13/04,416
5/14/04,430
5/15/04,418
5/16/04,390
5/17/04,400
5/18/04,486
5/19/04,465
5/20/04,438
5/21/04,458
5/22/04,484
5/23/04,384
5/24/04,412
5/25/04,447
5/26/04,484
5/27/04,416
5/28/04,474
5/29/04,382
5/30/04,429
5/31/04,403
6/1/04,468
6/2/04,485
6/3/04,401
6/4/04,450
6/5/04,404
6/6/04,294
6/7/04,346
6/8/04,483
6/9/04,411
6/10/04,431
6/11/04,375
6/12/04,426
6/13/04,350
6/14/04,429
6/15/04,418
6/16/04,355
6/17/04,374
6/18/04,456
6/19/04,461
6/20/04,375
6/21/04,369
6/22/04,372
6/23/04,399
6/24/04,421
6/25/04,453
6/26/04,358
6/27/04,420
6/28/04,429
6/29/04,415
6/30/04,382
7/1/04,463
7/2/04,421
7/3/04,415
7/4/04,431
7/5/04,370
7/6/04,444
7/7/04,442
7/8/04,463
7/9/04,396
7/10/04,412
7/11/04,338
7/12/04,377
7/13/04,460
7/14/04,417
7/15/04,395
7/16/04,450
7/17/04,373
7/18/04,388
7/19/04,431
7/20/04,360
7/21/04,398
7/22/04,407
7/23/04,442
7/24/04,414
7/25/04,362
7/26/04,393
7/27/04,410
7/28/04,407
7/29/04,368
7/30/04,411
7/31/04,320
8/1/04,408
8/2/04,415
8/3/04,454
8/4/04,413
8/5/04,389
8/6/04,430
8/7/04,392
8/8/04,310
8/9/04,365
8/10/04,437
8/11/04,411
8/12/04,419
8/13/04,419
8/14/04,356
8/15/04,353
8/16/04,436
8/17/04,367
8/18/04,473
8/19/04,444
8/20/04,431
8/21/04,395
8/22/04,360
8/23/04,403
8/24/04,401
8/25/04,396
8/26/04,439
8/27/04,432
8/28/04,437
8/29/04,372
8/30/04,348
8/31/04,382
9/1/04,525
9/2/04,375
9/3/04,402
9/4/04,386
9/5/04,339
9/6/04,304
9/7/04,397
9/8/04,389
9/9/04,410
9/10/04,388
9/11/04,358
9/12/04,371
9/13/04,367
9/14/04,393
9/15/04,438
9/16/04,439
9/17/04,446
9/18/04,365
9/19/04,293
9/20/04,350
9/21/04,372
9/22/04,383
9/23/04,472
9/24/04,439
9/25/04,448
9/26/04,353
9/27/04,396
9/28/04,403
9/29/04,429
9/30/04,365
10/1/04,471
10/2/04,323
10/3/04,343
10/4/04,404
10/5/04,315
10/6/04,463
10/7/04,374
10/8/04,442
10/9/04,373
10/10/04,358
10/11/04,360
10/12/04,391
10/13/04,431
10/14/04,406
10/15/04,454
10/16/04,380
10/17/04,318
10/18/04,382
10/19/04,396
10/20/04,417
10/21/04,406
10/22/04,425
10/23/04,382
10/24/04,371
10/25/04,361
10/26/04,365
10/27/04,398
10/28/04,411
10/29/04,464
10/30/04,372
10/31/04,447
11/1/04,457
11/2/04,412
11/3/04,353
11/4/04,335
11/5/04,418
11/6/04,375
11/7/04,358
11/8/04,378
11/9/04,302
11/10/04,363
11/11/04,381
11/12/04,436
11/13/04,380
11/14/04,359
11/15/04,364
11/16/04,398
11/17/04,329
11/18/04,356
11/19/04,415
11/20/04,362
11/21/04,345
11/22/04,378
11/23/04,372
11/24/04,373
11/25/04,271
11/26/04,374
11/27/04,342
11/28/04,302
11/29/04,407
11/30/04,354
12/1/04,471
12/2/04,396
12/3/04,398
12/4/04,375
12/5/04,343
12/6/04,328
12/7/04,373
12/8/04,347
12/9/04,363
12/10/04,442
12/11/04,349
12/12/04,331
12/13/04,400
12/14/04,429
12/15/04,495
12/16/04,401
12/17/04,419
12/18/04,352
12/19/04,355
12/20/04,386
12/21/04,378
12/22/04,412
12/23/04,399
12/24/04,331
12/25/04,232
12/26/04,273
12/27/04,267
12/28/04,375
12/29/04,386
12/30/04,328
12/31/04,405
1/1/05,546
1/2/05,304
1/3/05,322
1/4/05,378
1/5/05,402
1/6/05,411
1/7/05,381
1/8/05,343
1/9/05,361
1/10/05,373
1/11/05,466
1/12/05,448
1/13/05,415
1/14/05,438
1/15/05,429
1/16/05,365
1/17/05,342
1/18/05,423
1/19/05,458
1/20/05,409
1/21/05,446
1/22/05,389
1/23/05,358
1/24/05,360
1/25/05,382
1/26/05,394
1/27/05,422
1/28/05,425
1/29/05,377
1/30/05,375
1/31/05,398
2/1/05,542
2/2/05,428
2/3/05,401
2/4/05,474
2/5/05,366
2/6/05,307
2/7/05,334
2/8/05,423
2/9/05,398
2/10/05,369
2/11/05,429
2/12/05,358
2/13/05,323
2/14/05,349
2/15/05,356
2/16/05,435
2/17/05,411
2/18/05,376
2/19/05,286
2/20/05,331
2/21/05,325
2/22/05,396
2/23/05,401
2/24/05,396
2/25/05,444
2/26/05,368
2/27/05,288
2/28/05,377
3/1/05,444
3/2/05,435
3/3/05,459
3/4/05,384
3/5/05,433
3/6/05,320
3/7/05,349
3/8/05,386
3/9/05,427
3/10/05,436
3/11/05,375
3/12/05,397
3/13/05,367
3/14/05,327
3/15/05,430
3/16/05,399
3/17/05,413
3/18/05,406
3/19/05,360
3/20/05,370
3/21/05,396
3/22/05,381
3/23/05,437
3/24/05,399
3/25/05,402
3/26/05,375
3/27/05,321
3/28/05,383
3/29/05,404
3/30/05,421
3/31/05,353
4/1/05,440
4/2/05,379
4/3/05,326
4/4/05,405
4/5/05,417
4/6/05,456
4/7/05,416
4/8/05,390
4/9/05,414
4/10/05,313
4/11/05,434
4/12/05,415
4/13/05,439
4/14/05,407
4/15/05,441
4/16/05,343
4/17/05,320
4/18/05,393
4/19/05,362
4/20/05,394
4/21/05,426
4/22/05,443
4/23/05,394
4/24/05,363
4/25/05,417
4/26/05,400
4/27/05,411
4/28/05,454
4/29/05,417
4/30/05,372
5/1/05,403
5/2/05,382
5/3/05,356
5/4/05,398
5/5/05,411
5/6/05,422
5/7/05,413
5/8/05,389
5/9/05,340
5/10/05,397
5/11/05,427
5/12/05,413
5/13/05,419
5/14/05,378
5/15/05,374
5/16/05,422
5/17/05,369
5/18/05,391
5/19/05,447
5/20/05,438
5/21/05,440
5/22/05,350
5/23/05,343
5/24/05,370
5/25/05,450
5/26/05,353
5/27/05,453
5/28/05,372
5/29/05,384
5/30/05,411
5/31/05,387
6/1/05,504
6/2/05,389
6/3/05,430
6/4/05,362
6/5/05,315
6/6/05,328
6/7/05,372
6/8/05,366
6/9/05,380
6/10/05,462
6/11/05,357
6/12/05,367
6/13/05,351
6/14/05,378
6/15/05,346
6/16/05,348
6/17/05,407
6/18/05,399
6/19/05,333
6/20/05,388
6/21/05,359
6/22/05,392
6/23/05,433
6/24/05,423
6/25/05,411
6/26/05,459
6/27/05,378
6/28/05,457
6/29/05,349
6/30/05,388
7/1/05,523
7/2/05,362
7/3/05,318
7/4/05,387
7/5/05,441
7/6/05,367
7/7/05,368
7/8/05,399
7/9/05,388
7/10/05,362
7/11/05,355
7/12/05,369
7/13/05,409
7/14/05,418
7/15/05,426
7/16/05,372
7/17/05,323
7/18/05,364
7/19/05,362
7/20/05,374
7/21/05,378
7/22/05,461
7/23/05,418
7/24/05,326
7/25/05,364
7/26/05,366
7/27/05,406
7/28/05,383
7/29/05,367
7/30/05,407
7/31/05,344
8/1/05,474
8/2/05,363
8/3/05,420
8/4/05,402
8/5/05,462
8/6/05,381
8/7/05,374
8/8/05,358
8/9/05,395
8/10/05,427
8/11/05,382
8/12/05,407
8/13/05,377
8/14/05,333
8/15/05,381
8/16/05,351
8/17/05,377
8/18/05,379
8/19/05,398
8/20/05,388
8/21/05,349
8/22/05,398
8/23/05,428
8/24/05,386
8/25/05,365
8/26/05,456
8/27/05,400
8/28/05,316
8/29/05,388
8/30/05,393
8/31/05,433
9/1/05,440
9/2/05,439
9/3/05,371
9/4/05,304
9/5/05,332
9/6/05,334
9/7/05,392
9/8/05,426
9/9/05,417
9/10/05,385
9/11/05,305
9/12/05,372
9/13/05,379
9/14/05,373
9/15/05,406
9/16/05,441
9/17/05,369
9/18/05,346
9/19/05,387
9/20/05,377
9/21/05,428
9/22/05,427
9/23/05,449
9/24/05,352
9/25/05,415
9/26/05,364
9/27/05,427
9/28/05,393
9/29/05,397
9/30/05,442
10/1/05,498
10/2/05,391
10/3/05,428
10/4/05,435
10/5/05,424
10/6/05,440
10/7/05,462
10/8/05,401
10/9/05,394
10/10/05,343
10/11/05,405
10/12/05,424
10/13/05,400
10/14/05,425
10/15/05,390
10/16/05,355
10/17/05,440
10/18/05,398
10/19/05,431
10/20/05,443
10/21/05,432
10/22/05,372
10/23/05,323
10/24/05,443
10/25/05,424
10/26/05,386
10/27/05,382
10/28/05,441
10/29/05,341
10/30/05,381
10/31/05,469
11/1/05,461
11/2/05,427
11/3/05,452
11/4/05,450
11/5/05,380
11/6/05,333
11/7/05,328
11/8/05,348
11/9/05,420
11/10/05,414
11/11/05,414
11/12/05,390
11/13/05,360
11/14/05,389
11/15/05,416
11/16/05,426
11/17/05,404
11/18/05,417
11/19/05,360
11/20/05,379
11/21/05,377
11/22/05,386
11/23/05,393
11/24/05,309
11/25/05,351
11/26/05,398
11/27/05,284
11/28/05,333
11/29/05,353
11/30/05,442
12/1/05,429
12/2/05,361
12/3/05,336
12/4/05,312
12/5/05,353
12/6/05,317
12/7/05,348
12/8/05,369
12/9/05,383
12/10/05,391
12/11/05,285
12/12/05,362
12/13/05,340
12/14/05,371
12/15/05,394
12/16/05,431
12/17/05,320
12/18/05,308
12/19/05,318
12/20/05,346
12/21/05,352
12/22/05,347
12/23/05,407
12/24/05,357
12/25/05,223
12/26/05,291
12/27/05,368
12/28/05,387
12/29/05,399
12/30/05,381
12/31/05,394
1/1/06,621
1/2/06,269
1/3/06,363
1/4/06,373
1/5/06,420
1/6/06,452
1/7/06,398
1/8/06,348
1/9/06,380
1/10/06,386
1/11/06,407
1/12/06,398
1/13/06,425
1/14/06,337
1/15/06,349
1/16/06,283
1/17/06,369
1/18/06,372
1/19/06,413
1/20/06,423
1/21/06,389
1/22/06,358
1/23/06,421
1/24/06,358
1/25/06,418
1/26/06,386
1/27/06,380
1/28/06,289
1/29/06,341
1/30/06,333
1/31/06,374
2/1/06,425
2/2/06,371
2/3/06,459
2/4/06,390
2/5/06,326
2/6/06,377
2/7/06,381
2/8/06,472
2/9/06,369
2/10/06,440
2/11/06,367
2/12/06,385
2/13/06,367
2/14/06,416
2/15/06,369
2/16/06,350
2/17/06,395
2/18/06,341
2/19/06,344
2/20/06,404
2/21/06,377
2/22/06,398
2/23/06,386
2/24/06,453
2/25/06,387
2/26/06,341
2/27/06,334
2/28/06,348
3/1/06,438
3/2/06,333
3/3/06,370
3/4/06,363
3/5/06,286
3/6/06,379
3/7/06,331
3/8/06,451
3/9/06,433
3/10/06,400
3/11/06,343
3/12/06,293
3/13/06,357
3/14/06,352
3/15/06,414
3/16/06,388
3/17/06,452
3/18/06,373
3/19/06,364
3/20/06,359
3/21/06,431
3/22/06,404
3/23/06,403
3/24/06,427
3/25/06,399
3/26/06,365
3/27/06,333
3/28/06,354
3/29/06,367
3/30/06,347
3/31/06,367
4/1/06,425
4/2/06,363
4/3/06,370
4/4/06,416
4/5/06,417
4/6/06,416
4/7/06,430
4/8/06,371
4/9/06,352
4/10/06,366
4/11/06,363
4/12/06,346
4/13/06,357
4/14/06,372
4/15/06,405
4/16/06,322
4/17/06,354
4/18/06,411
4/19/06,418
4/20/06,398
4/21/06,401
4/22/06,399
4/23/06,371
4/24/06,342
4/25/06,466
4/26/06,406
4/27/06,405
4/28/06,403
4/29/06,368
4/30/06,330
5/1/06,429
5/2/06,327
5/3/06,355
5/4/06,303
5/5/06,344
5/6/06,346
5/7/06,310
5/8/06,338
5/9/06,350
5/10/06,415
5/11/06,342
5/12/06,410
5/13/06,355
5/14/06,357
5/15/06,409
5/16/06,393
5/17/06,349
5/18/06,358
5/19/06,426
5/20/06,409
5/21/06,358
5/22/06,386
5/23/06,352
5/24/06,385
5/25/06,424
5/26/06,442
5/27/06,359
5/28/06,365
5/29/06,376
5/30/06,342
5/31/06,343
6/1/06,481
6/2/06,378
6/3/06,356
6/4/06,406
6/5/06,363
6/6/06,406
6/7/06,439
6/8/06,358
6/9/06,405
6/10/06,386
6/11/06,341
6/12/06,363
6/13/06,401
6/14/06,418
6/15/06,413
6/16/06,430
6/17/06,430
6/18/06,363
6/19/06,358
6/20/06,412
6/21/06,350
6/22/06,352
6/23/06,390
6/24/06,359
6/25/06,345
6/26/06,388
6/27/06,396
6/28/06,389
6/29/06,379
6/30/06,402
7/1/06,493
7/2/06,348
7/3/06,326
7/4/06,350
7/5/06,375
7/6/06,329
7/7/06,430
7/8/06,342
7/9/06,307
7/10/06,365
7/11/06,371
7/12/06,368
7/13/06,389
7/14/06,414
7/15/06,386
7/16/06,378
7/17/06,341
7/18/06,376
7/19/06,391
7/20/06,370
7/21/06,395
7/22/06,401
7/23/06,318
7/24/06,358
7/25/06,390
7/26/06,417
7/27/06,378
7/28/06,435
7/29/06,401
7/30/06,355
7/31/06,396
8/1/06,481
8/2/06,334
8/3/06,444
8/4/06,468
8/5/06,361
8/6/06,389
8/7/06,370
8/8/06,437
8/9/06,429
8/10/06,385
8/11/06,445
8/12/06,363
8/13/06,377
8/14/06,409
8/15/06,459
8/16/06,487
8/17/06,467
8/18/06,419
8/19/06,386
8/20/06,374
8/21/06,367
8/22/06,394
8/23/06,437
8/24/06,392
8/25/06,419
8/26/06,383
8/27/06,325
8/28/06,364
8/29/06,361
8/30/06,431
8/31/06,361
9/1/06,482
9/2/06,383
9/3/06,310
9/4/06,380
9/5/06,358
9/6/06,363
9/7/06,361
9/8/06,401
9/9/06,394
9/10/06,373
9/11/06,402
9/12/06,403
9/13/06,415
9/14/06,407
9/15/06,392
9/16/06,393
9/17/06,358
9/18/06,337
9/19/06,398
9/20/06,407
9/21/06,422
9/22/06,419
9/23/06,374
9/24/06,325
9/25/06,326
9/26/06,356
9/27/06,346
9/28/06,360
9/29/06,429
9/30/06,346
10/1/06,428
10/2/06,457
10/3/06,380
10/4/06,336
10/5/06,359
10/6/06,491
10/7/06,372
10/8/06,319
10/9/06,324
10/10/06,386
10/11/06,395
10/12/06,398
10/13/06,389
10/14/06,361
10/15/06,346
10/16/06,410
10/17/06,388
10/18/06,364
10/19/06,351
10/20/06,420
10/21/06,345
10/22/06,326
10/23/06,337
10/24/06,391
10/25/06,417
10/26/06,353
10/27/06,384
10/28/06,378
10/29/06,311
10/30/06,437
10/31/06,428
11/1/06,459
11/2/06,286
11/3/06,348
11/4/06,393
11/5/06,338
11/6/06,407
11/7/06,364
11/8/06,436
11/9/06,366
11/10/06,380
11/11/06,354
11/12/06,284
11/13/06,392
11/14/06,336
11/15/06,361
11/16/06,370
11/17/06,425
11/18/06,378
11/19/06,339
11/20/06,374
11/21/06,366
11/22/06,372
11/23/06,249
11/24/06,330
11/25/06,335
11/26/06,306
11/27/06,348
11/28/06,362
11/29/06,369
11/30/06,364
12/1/06,479
12/2/06,333
12/3/06,378
12/4/06,326
12/5/06,407
12/6/06,382
12/7/06,369
12/8/06,354
12/9/06,351
12/10/06,307
12/11/06,328
12/12/06,324
12/13/06,377
12/14/06,345
12/15/06,431
12/16/06,347
12/17/06,319
12/18/06,350
12/19/06,359
12/20/06,385
12/21/06,334
12/22/06,300
12/23/06,344
12/24/06,292
12/25/06,237
12/26/06,308
12/27/06,304
12/28/06,293
12/29/06,318
12/30/06,344
12/31/06,367
1/1/07,538
1/2/07,359
1/3/07,333
1/4/07,361
1/5/07,386
1/6/07,387
1/7/07,397
1/8/07,339
1/9/07,418
1/10/07,431
1/11/07,358
1/12/07,403
1/13/07,377
1/14/07,302
1/15/07,390
1/16/07,362
1/17/07,410
1/18/07,391
1/19/07,399
1/20/07,310
1/21/07,340
1/22/07,372
1/23/07,375
1/24/07,314
1/25/07,358
1/26/07,359
1/27/07,346
1/28/07,342
1/29/07,374
1/30/07,375
1/31/07,395
2/1/07,474
2/2/07,393
2/3/07,393
2/4/07,341
2/5/07,384
2/6/07,413
2/7/07,423
2/8/07,375
2/9/07,373
2/10/07,337
2/11/07,351
2/12/07,417
2/13/07,401
2/14/07,418
2/15/07,426
2/16/07,443
2/17/07,364
2/18/07,329
2/19/07,372
2/20/07,411
2/21/07,402
2/22/07,277
2/23/07,383
2/24/07,307
2/25/07,285
2/26/07,340
2/27/07,331
2/28/07,350
3/1/07,500
3/2/07,390
3/3/07,390
3/4/07,371
3/5/07,396
3/6/07,388
3/7/07,402
3/8/07,374
3/9/07,368
3/10/07,394
3/11/07,338
3/12/07,407
3/13/07,403
3/14/07,389
3/15/07,433
3/16/07,397
3/17/07,364
3/18/07,352
3/19/07,377
3/20/07,359
3/21/07,361
3/22/07,336
3/23/07,369
3/24/07,349
3/25/07,398
3/26/07,384
3/27/07,380
3/28/07,391
3/29/07,388
3/30/07,386
3/31/07,372
4/1/07,454
4/2/07,328
4/3/07,387
4/4/07,359
4/5/07,296
4/6/07,302
4/7/07,393
4/8/07,292
4/9/07,406
4/10/07,405
4/11/07,376
4/12/07,376
4/13/07,355
4/14/07,363
4/15/07,351
4/16/07,375
4/17/07,357
4/18/07,402
4/19/07,417
4/20/07,400
4/21/07,343
4/22/07,366
4/23/07,373
4/24/07,389
4/25/07,348
4/26/07,370
4/27/07,396
4/28/07,359
4/29/07,338
4/30/07,319
5/1/07,390
5/2/07,372
5/3/07,323
5/4/07,377
5/5/07,395
5/6/07,416
5/7/07,394
5/8/07,404
5/9/07,376
5/10/07,362
5/11/07,412
5/12/07,341
5/13/07,318
5/14/07,350
5/15/07,382
5/16/07,375
5/17/07,334
5/18/07,390
5/19/07,342
5/20/07,367
5/21/07,366
5/22/07,408
5/23/07,304
5/24/07,341
5/25/07,397
5/26/07,373
5/27/07,329
5/28/07,345
5/29/07,401
5/30/07,359
5/31/07,335
6/1/07,478
6/2/07,326
6/3/07,329
6/4/07,343
6/5/07,371
6/6/07,356
6/7/07,319
6/8/07,374
6/9/07,339
6/10/07,341
6/11/07,400
6/12/07,458
6/13/07,356
6/14/07,347
6/15/07,463
6/16/07,377
6/17/07,326
6/18/07,329
6/19/07,362
6/20/07,380
6/21/07,346
6/22/07,403
6/23/07,416
6/24/07,387
6/25/07,341
6/26/07,333
6/27/07,337
6/28/07,365
6/29/07,371
6/30/07,377
7/1/07,392
7/2/07,368
7/3/07,368
7/4/07,366
7/5/07,344
7/6/07,361
7/7/07,365
7/8/07,389
7/9/07,377
7/10/07,398
7/11/07,396
7/12/07,392
7/13/07,386
7/14/07,407
7/15/07,390
7/16/07,379
7/17/07,427
7/18/07,382
7/19/07,414
7/20/07,423
7/21/07,385
7/22/07,285
7/23/07,355
7/24/07,395
7/25/07,416
7/26/07,412
7/27/07,407
7/28/07,389
7/29/07,382
7/30/07,346
7/31/07,342
8/1/07,433
8/2/07,361
8/3/07,380
8/4/07,356
8/5/07,305
8/6/07,339
8/7/07,344
8/8/07,337
8/9/07,388
8/10/07,393
8/11/07,405
8/12/07,387
8/13/07,405
8/14/07,389
8/15/07,395
8/16/07,343
8/17/07,412
8/18/07,352
8/19/07,375
8/20/07,410
8/21/07,423
8/22/07,393
8/23/07,388
8/24/07,373
8/25/07,409
8/26/07,342
8/27/07,398
8/28/07,393
8/29/07,423
8/30/07,364
8/31/07,368
9/1/07,418
9/2/07,318
9/3/07,314
9/4/07,387
9/5/07,402
9/6/07,418
9/7/07,442
9/8/07,398
9/9/07,439
9/10/07,375
9/11/07,384
9/12/07,392
9/13/07,441
9/14/07,416
9/15/07,466
9/16/07,382
9/17/07,435
9/18/07,366
9/19/07,341
9/20/07,393
9/21/07,426
9/22/07,367
9/23/07,381
9/24/07,398
9/25/07,390
9/26/07,447
9/27/07,431
9/28/07,435
9/29/07,413
9/30/07,354
10/1/07,453
10/2/07,385
10/3/07,408
10/4/07,381
10/5/07,338
10/6/07,381
10/7/07,414
10/8/07,374
10/9/07,381
10/10/07,365
10/11/07,395
10/12/07,345
10/13/07,380
10/14/07,384
10/15/07,426
10/16/07,363
10/17/07,393
10/18/07,405
10/19/07,386
10/20/07,413
10/21/07,397
10/22/07,358
10/23/07,419
10/24/07,394
10/25/07,408
10/26/07,432
10/27/07,366
10/28/07,388
10/29/07,386
10/30/07,393
10/31/07,411
11/1/07,467
11/2/07,404
11/3/07,429
11/4/07,388
11/5/07,363
11/6/07,421
11/7/07,377
11/8/07,411
11/9/07,425
11/10/07,394
11/11/07,342
11/12/07,351
11/13/07,353
11/14/07,394
11/15/07,429
11/16/07,370
11/17/07,394
11/18/07,391
11/19/07,401
11/20/07,349
11/21/07,390
11/22/07,310
11/23/07,335
11/24/07,446
11/25/07,381
11/26/07,366
11/27/07,386
11/28/07,361
11/29/07,385
11/30/07,385
12/1/07,434
12/2/07,366
12/3/07,385
12/4/07,331
12/5/07,379
12/6/07,354
12/7/07,420
12/8/07,368
12/9/07,316
12/10/07,387
12/11/07,430
12/12/07,406
12/13/07,378
12/14/07,394
12/15/07,357
12/16/07,2
12/17/07,414
12/18/07,347
12/19/07,415
12/20/07,439
12/21/07,368
12/22/07,325
12/23/07,340
12/24/07,299
12/25/07,212
12/26/07,310
12/27/07,312
12/28/07,376
12/29/07,328
12/30/07,335
12/31/07,359
1/1/08,555
1/2/08,394
1/3/08,387
1/4/08,362
1/5/08,351
1/6/08,375
1/7/08,390
1/8/08,380
1/9/08,397
1/10/08,360
1/11/08,379
1/12/08,425
1/13/08,378
1/14/08,420
1/15/08,414
1/16/08,429
1/17/08,371
1/18/08,469
1/19/08,372
1/20/08,378
1/21/08,378
1/22/08,411
1/23/08,374
1/24/08,345
1/25/08,333
1/26/08,316
1/27/08,316
1/28/08,384
1/29/08,434
1/30/08,349
1/31/08,358
2/1/08,425
2/2/08,321
2/3/08,307
2/4/08,377
2/5/08,377
2/6/08,366
2/7/08,376
2/8/08,398
2/9/08,398
2/10/08,376
2/11/08,406
2/12/08,358
2/13/08,379
2/14/08,350
2/15/08,447
2/16/08,385
2/17/08,348
2/18/08,379
2/19/08,329
2/20/08,394
2/21/08,388
2/22/08,387
2/23/08,369
2/24/08,370
2/25/08,435
2/26/08,390
2/27/08,428
2/28/08,406
2/29/08,372
3/1/08,517
3/2/08,393
3/3/08,403
3/4/08,395
3/5/08,427
3/6/08,429
3/7/08,433
3/8/08,471
3/9/08,377
3/10/08,462
3/11/08,398
3/12/08,418
3/13/08,414
3/14/08,390
3/15/08,400
3/16/08,364
3/17/08,455
3/18/08,421
3/19/08,397
3/20/08,351
3/21/08,344
3/22/08,367
3/23/08,366
3/24/08,342
3/25/08,431
3/26/08,449
3/27/08,369
3/28/08,392
3/29/08,396
3/30/08,326
3/31/08,338
4/1/08,469
4/2/08,309
4/3/08,320
4/4/08,396
4/5/08,414
4/6/08,354
4/7/08,399
4/8/08,372
4/9/08,357
4/10/08,393
4/11/08,418
4/12/08,399
4/13/08,368
4/14/08,362
4/15/08,371
4/16/08,401
4/17/08,335
4/18/08,386
4/19/08,411
4/20/08,430
4/21/08,366
4/22/08,350
4/23/08,361
4/24/08,382
4/25/08,411
4/26/08,427
4/27/08,327
4/28/08,374
4/29/08,372
4/30/08,324
5/1/08,484
5/2/08,438
5/3/08,432
5/4/08,387
5/5/08,373
5/6/08,362
5/7/08,373
5/8/08,356
5/9/08,377
5/10/08,409
5/11/08,343
5/12/08,316
5/13/08,332
5/14/08,395
5/15/08,336
5/16/08,384
5/17/08,404
5/18/08,365
5/19/08,368
5/20/08,442
5/21/08,316
5/22/08,388
5/23/08,395
5/24/08,399
5/25/08,383
5/26/08,367
5/27/08,368
5/28/08,403
5/29/08,371
5/30/08,429
5/31/08,386
6/1/08,455
6/2/08,373
6/3/08,362
6/4/08,382
6/5/08,375
6/6/08,407
6/7/08,342
6/8/08,379
6/9/08,325
6/10/08,327
6/11/08,365
6/12/08,364
6/13/08,372
6/14/08,372
6/15/08,352
6/16/08,248
6/17/08,267
6/18/08,276
6/19/08,335
6/20/08,395
6/21/08,353
6/22/08,325
6/23/08,374
6/24/08,397
6/25/08,325
6/26/08,387
6/27/08,376
6/28/08,400
6/29/08,365
6/30/08,340
7/1/08,476
7/2/08,395
7/3/08,370
7/4/08,414
7/5/08,384
7/6/08,315
7/7/08,353
7/8/08,413
7/9/08,449
7/10/08,452
7/11/08,432
7/12/08,436
7/13/08,418
7/14/08,358
7/15/08,384
7/16/08,400
7/17/08,406
7/18/08,474
7/19/08,360
7/20/08,343
7/21/08,332
7/22/08,394
7/23/08,367
7/24/08,381
7/25/08,424
7/26/08,394
7/27/08,386
7/28/08,383
7/29/08,424
7/30/08,432
7/31/08,359
8/1/08,8
8/2/08,373
8/3/08,345
8/4/08,391
8/5/08,373
8/6/08,350
8/7/08,329
8/8/08,365
8/9/08,390
8/10/08,384
8/11/08,365
8/12/08,405
8/13/08,395
8/14/08,332
8/15/08,394
8/16/08,360
8/17/08,329
8/18/08,387
8/19/08,329
8/20/08,428
8/21/08,365
8/22/08,382
8/23/08,413
8/24/08,389
8/25/08,442
8/26/08,410
8/27/08,407
8/28/08,379
8/29/08,418
8/30/08,376
8/31/08,407
9/1/08,510
9/2/08,381
9/3/08,377
9/4/08,353
9/5/08,412
9/6/08,472
9/7/08,370
9/8/08,391
9/9/08,374
9/10/08,404
9/11/08,392
9/12/08,432
9/13/08,402
9/14/08,386
9/15/08,373
9/16/08,361
9/17/08,372
9/18/08,405
9/19/08,397
9/20/08,393
9/21/08,342
9/22/08,365
9/23/08,416
9/24/08,478
9/25/08,409
9/26/08,401
9/27/08,444
9/28/08,445
9/29/08,389
9/30/08,460
10/1/08,479
10/2/08,364
10/3/08,418
10/4/08,490
10/5/08,416
10/6/08,389
10/7/08,396
10/8/08,495
10/9/08,391
10/10/08,450
10/11/08,441
10/12/08,405
10/13/08,411
10/14/08,420
10/15/08,491
10/16/08,409
10/17/08,411
10/18/08,426
10/19/08,384
10/20/08,336
10/21/08,381
10/22/08,397
10/23/08,418
10/24/08,453
10/25/08,470
10/26/08,346
10/27/08,409
10/28/08,415
10/29/08,434
10/30/08,381
10/31/08,415
11/1/08,491
11/2/08,354
11/3/08,368
11/4/08,453
11/5/08,356
11/6/08,316
11/7/08,396
11/8/08,394
11/9/08,394
11/10/08,450
11/11/08,393
11/12/08,442
11/13/08,466
11/14/08,463
11/15/08,435
11/16/08,362
11/17/08,417
11/18/08,399
11/19/08,412
11/20/08,409
11/21/08,455
11/22/08,410
11/23/08,398
11/24/08,411
11/25/08,420
11/26/08,368
11/27/08,263
11/28/08,299
11/29/08,404
11/30/08,350
12/1/08,432
12/2/08,403
12/3/08,373
12/4/08,390
12/5/08,394
12/6/08,463
12/7/08,355
12/8/08,417
12/9/08,367
12/10/08,384
12/11/08,363
12/12/08,358
12/13/08,364
12/14/08,292
12/15/08,347
12/16/08,332
12/17/08,343
12/18/08,323
12/19/08,372
12/20/08,458
12/21/08,336
12/22/08,390
12/23/08,296
12/24/08,312
12/25/08,199
12/26/08,284
12/27/08,375
12/28/08,335
12/29/08,375
12/30/08,387
12/31/08,355
1/1/09,606
1/2/09,330
1/3/09,400
1/4/09,350
1/5/09,341
1/6/09,421
1/7/09,418
1/8/09,368
1/9/09,360
1/10/09,406
1/11/09,378
1/12/09,346
1/13/09,422
1/14/09,384
1/15/09,362
1/16/09,443
1/17/09,414
1/18/09,358
1/19/09,396
1/20/09,390
1/21/09,359
1/22/09,378
1/23/09,318
1/24/09,396
1/25/09,343
1/26/09,364
1/27/09,392
1/28/09,376
1/29/09,335
1/30/09,383
1/31/09,392
2/1/09,417
2/2/09,424
2/3/09,377
2/4/09,365
2/5/09,348
2/6/09,380
2/7/09,338
2/8/09,297
2/9/09,402
2/10/09,358
2/11/09,363
2/12/09,369
2/13/09,378
2/14/09,385
2/15/09,328
2/16/09,353
2/17/09,338
2/18/09,433
2/19/09,410
2/20/09,420
2/21/09,436
2/22/09,318
2/23/09,389
2/24/09,449
2/25/09,411
2/26/09,386
2/27/09,424
2/28/09,426
3/1/09,455
3/2/09,362
3/3/09,406
3/4/09,439
3/5/09,409
3/6/09,449
3/7/09,403
3/8/09,356
3/9/09,396
3/10/09,377
3/11/09,411
3/12/09,446
3/13/09,425
3/14/09,345
3/15/09,363
3/16/09,408
3/17/09,414
3/18/09,457
3/19/09,392
3/20/09,490
3/21/09,389
3/22/09,369
3/23/09,397
3/24/09,437
3/25/09,422
3/26/09,395
3/27/09,370
3/28/09,394
3/29/09,450
3/30/09,438
3/31/09,399
4/1/09,501
4/2/09,395
4/3/09,431
4/4/09,450
4/5/09,380
4/6/09,418
4/7/09,361
4/8/09,449
4/9/09,382
4/10/09,364
4/11/09,403
4/12/09,363
4/13/09,361
4/14/09,426
4/15/09,370
4/16/09,406
4/17/09,391
4/18/09,419
4/19/09,381
4/20/09,430
4/21/09,421
4/22/09,456
4/23/09,396
4/24/09,433
4/25/09,376
4/26/09,370
4/27/09,303
4/28/09,431
4/29/09,399
4/30/09,428
5/1/09,426
5/2/09,357
5/3/09,307
5/4/09,378
5/5/09,333
5/6/09,425
5/7/09,370
5/8/09,421
5/9/09,369
5/10/09,305
5/11/09,387
5/12/09,395
5/13/09,379
5/14/09,392
5/15/09,456
5/16/09,359
5/17/09,462
5/18/09,373
5/19/09,358
5/20/09,369
5/21/09,334
5/22/09,302
5/23/09,350
5/24/09,322
5/25/09,372
5/26/09,326
5/27/09,353
5/28/09,330
5/29/09,382
5/30/09,373
5/31/09,299
6/1/09,448
6/2/09,418
6/3/09,385
6/4/09,354
6/5/09,369
6/6/09,330
6/7/09,338
6/8/09,363
6/9/09,389
6/11/09,365
6/12/09,375
6/13/09,331
6/14/09,315
6/15/09,386
6/16/09,352
6/17/09,408
6/18/09,364
6/19/09,369
6/20/09,354
6/21/09,300
6/22/09,330
6/23/09,359
6/24/09,324
6/25/09,337
6/26/09,326
6/27/09,347
6/28/09,382
6/29/09,304
6/30/09,337
7/1/09,394
7/2/09,312
7/3/09,466
7/4/09,354
7/5/09,366
7/6/09,345
7/7/09,340
7/8/09,342
7/9/09,372
7/10/09,328
7/11/09,320
7/12/09,349
7/13/09,341
7/14/09,402
7/15/09,418
7/16/09,363
7/17/09,348
7/18/09,410
7/19/09,417
7/20/09,364
7/21/09,367
7/22/09,379
7/23/09,341
7/24/09,385
7/25/09,374
7/26/09,354
7/27/09,350
7/28/09,418
7/29/09,388
7/30/09,374
7/31/09,339
8/1/09,471
8/2/09,358
8/3/09,345
8/4/09,369
8/5/09,457
8/6/09,435
8/7/09,447
8/8/09,401
8/9/09,346
8/10/09,401
8/11/09,382
8/12/09,405
8/13/09,407
8/14/09,414
8/15/09,500
8/16/09,374
8/17/09,367
8/18/09,452
8/19/09,425
8/20/09,384
8/21/09,465
8/22/09,455
8/23/09,406
8/24/09,438
8/25/09,473
8/26/09,384
8/27/09,398
8/28/09,482
8/29/09,474
8/30/09,405
8/31/09,445
9/1/09,494
9/2/09,411
9/3/09,359
9/4/09,420
9/5/09,447
9/6/09,387
9/7/09,411
9/8/09,425
9/9/09,410
9/10/09,417
9/11/09,388
9/12/09,398
9/13/09,397
9/14/09,402
9/15/09,485
9/16/09,408
9/17/09,454
9/18/09,443
9/19/09,405
9/20/09,423
9/21/09,361
9/22/09,418
9/23/09,412
9/24/09,387
9/25/09,475
9/26/09,428
9/27/09,358
9/28/09,337
9/29/09,422
9/30/09,374
10/1/09,452
10/2/09,423
10/3/09,432
10/4/09,355
10/5/09,406
10/6/09,383
10/7/09,390
10/8/09,360
10/9/09,432
10/10/09,371
10/11/09,435
10/12/09,353
10/13/09,307
10/14/09,411
10/15/09,366
10/16/09,403
10/17/09,413
10/18/09,332
10/19/09,315
10/20/09,356
10/21/09,370
10/22/09,367
10/23/09,454
10/24/09,391
10/25/09,372
10/26/09,383
10/27/09,417
10/28/09,362
10/29/09,374
10/30/09,400
10/31/09,409
11/1/09,502
11/2/09,409
11/3/09,408
11/4/09,399
11/5/09,370
11/6/09,370
11/7/09,406
11/8/09,367
11/9/09,334
11/10/09,386
11/11/09,432
11/12/09,360
11/13/09,404
11/14/09,345
11/15/09,365
11/16/09,396
11/17/09,363
11/18/09,416
11/19/09,401
11/20/09,421
11/21/09,411
11/22/09,288
11/23/09,392
11/24/09,410
11/25/09,379
11/26/09,278
11/27/09,293
11/28/09,360
11/29/09,341
11/30/09,344
12/1/09,398
12/2/09,348
12/3/09,359
12/4/09,368
12/5/09,365
12/6/09,313
12/7/09,341
12/8/09,322
12/9/09,338
12/10/09,307
12/11/09,325
12/12/09,326
12/13/09,273
12/14/09,328
12/15/09,408
12/16/09,370
12/17/09,423
12/18/09,365
12/19/09,347
12/20/09,343
12/21/09,337
12/22/09,390
12/23/09,416
12/24/09,313
12/25/09,231
12/26/09,268
12/27/09,350
12/28/09,312
12/29/09,355
12/30/09,360
12/31/09,345
1/1/10,569
1/2/10,368
1/3/10,356
1/4/10,328
1/5/10,341
1/6/10,373
1/7/10,331
1/8/10,356
1/9/10,354
1/10/10,358
1/11/10,361
1/12/10,370
1/13/10,389
1/14/10,405
1/15/10,454
1/16/10,395
1/17/10,318
1/18/10,321
1/19/10,359
1/20/10,356
1/21/10,316
1/22/10,387
1/23/10,361
1/24/10,357
1/25/10,393
1/26/10,342
1/27/10,417
1/28/10,345
1/29/10,373
1/30/10,320
1/31/10,297
2/1/10,412
2/2/10,389
2/3/10,406
2/4/10,356
2/5/10,410
2/6/10,345
2/7/10,312
2/8/10,311
2/9/10,367
2/10/10,424
2/11/10,352
2/12/10,388
2/13/10,409
2/14/10,389
2/15/10,350
2/16/10,359
2/17/10,475
2/18/10,376
2/19/10,355
2/20/10,352
2/21/10,280
2/22/10,356
2/23/10,283
2/24/10,344
2/25/10,369
2/26/10,383
2/27/10,330
2/28/10,358
3/1/10,406
3/2/10,346
3/3/10,328
3/4/10,316
3/5/10,391
3/6/10,355
3/7/10,358
3/8/10,353
3/9/10,357
3/10/10,367
3/11/10,342
3/12/10,337
3/13/10,390
3/14/10,367
3/15/10,381
3/16/10,366
3/17/10,428
3/18/10,378
3/19/10,375
3/20/10,335
3/21/10,318
3/22/10,318
3/23/10,356
3/24/10,427
3/25/10,372
3/26/10,369
3/27/10,339
3/28/10,303
3/29/10,345
3/30/10,337
3/31/10,371
4/1/10,444
4/2/10,368
4/3/10,342
4/4/10,232
4/5/10,351
4/6/10,351
4/7/10,363
4/8/10,379
4/9/10,354
4/10/10,365
4/11/10,252
4/12/10,348
4/13/10,357
4/14/10,343
4/15/10,377
4/16/10,399
4/17/10,343
4/18/10,274
4/19/10,343
4/20/10,342
4/21/10,373
4/22/10,338
4/23/10,357
4/24/10,370
4/25/10,352
4/26/10,343
4/27/10,372
4/28/10,368
4/29/10,331
4/30/10,355
5/1/10,370
5/2/10,316
5/3/10,361
5/4/10,376
5/5/10,449
5/6/10,365
5/7/10,401
5/8/10,411
5/9/10,327
5/10/10,344
5/11/10,365
5/12/10,392
5/13/10,362
5/14/10,414
5/15/10,330
5/16/10,423
5/17/10,346
5/18/10,363
5/19/10,490
5/20/10,376
5/21/10,414
5/22/10,399
5/23/10,347
5/24/10,384
5/25/10,351
5/26/10,391
5/27/10,353
5/28/10,393
5/29/10,325
5/30/10,354
5/31/10,281
6/1/10,452
6/2/10,410
6/3/10,325
6/4/10,406
6/5/10,352
6/6/10,357
6/7/10,348
6/8/10,335
6/9/10,338
6/10/10,334
6/11/10,361
6/12/10,359
6/13/10,336
6/14/10,380
6/15/10,376
6/16/10,416
6/17/10,373
6/18/10,379
6/19/10,364
6/20/10,304
6/21/10,300
6/22/10,344
6/23/10,371
6/24/10,307
6/25/10,402
6/26/10,435
6/27/10,397
6/28/10,340
6/29/10,339
6/30/10,315
7/1/10,382
7/2/10,417
7/3/10,394
7/4/10,348
7/5/10,289
7/6/10,311
7/7/10,377
7/8/10,253
7/9/10,334
7/10/10,356
7/11/10,305
7/12/10,336
7/13/10,361
7/14/10,380
7/15/10,399
7/16/10,389
7/17/10,395
7/18/10,330
7/19/10,314
7/20/10,320
7/21/10,357
7/22/10,402
7/23/10,371
7/24/10,401
7/25/10,349
7/26/10,305
7/27/10,342
7/28/10,392
7/29/10,317
7/30/10,363
7/31/10,357
8/1/10,410
8/2/10,345
8/3/10,390
8/4/10,376
8/5/10,355
8/6/10,388
8/7/10,341
8/8/10,348
8/9/10,366
8/10/10,343
8/11/10,366
8/12/10,361
8/13/10,391
8/14/10,382
8/15/10,380
8/16/10,345
8/17/10,356
8/18/10,346
8/19/10,409
8/20/10,420
8/21/10,361
8/22/10,336
8/23/10,383
8/24/10,449
8/25/10,371
8/26/10,411
8/27/10,414
8/28/10,351
8/29/10,380
8/30/10,342
8/31/10,430
9/1/10,477
9/2/10,403
9/3/10,423
9/4/10,394
9/5/10,355
9/6/10,381
9/7/10,365
9/8/10,397
9/9/10,400
9/10/10,409
9/11/10,366
9/12/10,370
9/13/10,358
9/14/10,404
9/15/10,355
9/16/10,414
9/17/10,370
9/18/10,389
9/19/10,354
9/20/10,388
9/21/10,403
9/22/10,431
9/23/10,385
9/24/10,419
9/25/10,413
9/26/10,326
9/27/10,411
9/28/10,366
9/29/10,465
9/30/10,401
10/1/10,550
10/2/10,355
10/3/10,350
10/4/10,338
10/5/10,405
10/6/10,382
10/7/10,399
10/8/10,396
10/9/10,423
10/10/10,361
10/11/10,332
10/12/10,403
10/13/10,389
10/14/10,420
10/15/10,403
10/16/10,381
10/17/10,333
10/18/10,322
10/19/10,402
10/20/10,409
10/21/10,382
10/22/10,428
10/23/10,393
10/24/10,355
10/25/10,365
10/26/10,297
10/27/10,462
10/28/10,342
10/29/10,345
10/30/10,379
10/31/10,406
11/1/10,435
11/2/10,370
11/3/10,451
11/4/10,390
11/5/10,375
11/6/10,370
11/7/10,333
11/8/10,360
11/9/10,357
11/10/10,412
11/11/10,374
11/12/10,331
11/13/10,397
11/14/10,340
11/15/10,347
11/16/10,366
11/17/10,373
11/18/10,334
11/19/10,364
11/20/10,348
11/21/10,345
11/22/10,339
11/23/10,315
11/24/10,423
11/25/10,259
11/26/10,355
11/27/10,304
11/28/10,336
11/29/10,358
11/30/10,347
12/1/10,415
12/2/10,366
12/3/10,336
12/4/10,337
12/5/10,285
12/6/10,333
12/7/10,318
12/8/10,298
12/9/10,325
12/10/10,368
12/11/10,361
12/12/10,358
12/13/10,399
12/14/10,289
12/15/10,438
12/16/10,409
12/17/10,364
12/18/10,384
12/19/10,328
12/20/10,406
12/21/10,372
12/22/10,391
12/23/10,354
12/24/10,315
12/25/10,175
12/26/10,297
12/27/10,333
12/28/10,318
12/29/10,376
12/30/10,324
12/31/10,397
1/1/11,650
1/2/11,305
1/3/11,363
1/4/11,379
1/5/11,410
1/6/11,376
1/7/11,382
1/8/11,354
1/9/11,339
1/10/11,351
1/11/11,372
1/12/11,383
1/13/11,370
1/14/11,391
1/15/11,441
1/16/11,356
1/17/11,322
1/18/11,352
1/19/11,388
1/20/11,375
1/21/11,425
1/22/11,366
1/23/11,334
1/24/11,306
1/25/11,370
1/26/11,396
1/27/11,387
1/28/11,407
1/29/11,332
1/30/11,313
1/31/11,339
2/1/11,447
2/2/11,360
2/3/11,357
2/4/11,379
2/5/11,394
2/6/11,349
2/7/11,331
2/8/11,376
2/9/11,344
2/10/11,362
2/11/11,409
2/12/11,390
2/13/11,337
2/14/11,289
2/15/11,318
2/16/11,380
2/17/11,300
2/18/11,318
2/19/11,363
2/20/11,329
2/21/11,360
2/22/11,358
2/23/11,382
2/24/11,321
2/25/11,352
2/26/11,400
2/27/11,307
2/28/11,371
3/1/11,452
3/2/11,394
3/3/11,380
3/4/11,378
3/5/11,389
3/6/11,298
3/7/11,346
3/8/11,357
3/9/11,399
3/10/11,313
3/11/11,422
3/12/11,389
3/13/11,349
3/14/11,328
3/15/11,384
3/16/11,395
3/17/11,360
3/18/11,388
3/19/11,400
3/20/11,339
3/21/11,312
3/22/11,353
3/23/11,354
3/24/11,356
3/25/11,411
3/26/11,392
3/27/11,318
3/28/11,325
3/29/11,349
3/30/11,406
3/31/11,361
4/1/11,513
4/2/11,395
4/3/11,350
4/4/11,343
4/5/11,342
4/6/11,397
4/7/11,374
4/8/11,439
4/9/11,394
4/10/11,319
4/11/11,371
4/12/11,334
4/13/11,386
4/14/11,384
4/15/11,425
4/16/11,421
4/17/11,324
4/18/11,315
4/19/11,397
4/20/11,394
4/21/11,356
4/22/11,401
4/23/11,361
4/24/11,289
4/25/11,346
4/26/11,363
4/27/11,383
4/28/11,387
4/29/11,356
4/30/11,371
5/1/11,441
5/2/11,329
5/3/11,316
5/4/11,388
5/5/11,405
5/6/11,383
5/7/11,344
5/8/11,309
5/9/11,351
5/10/11,320
5/11/11,363
5/12/11,325
5/13/11,403
5/14/11,360
5/15/11,424
5/16/11,337
5/17/11,339
5/18/11,371
5/19/11,422
5/20/11,375
5/21/11,458
5/22/11,343
5/23/11,317
5/24/11,394
5/25/11,367
5/26/11,370
5/27/11,460
5/28/11,413
5/29/11,401
5/30/11,294
5/31/11,329
6/1/11,468
6/2/11,369
6/3/11,399
6/4/11,372
6/5/11,387
6/6/11,308
6/7/11,317
6/8/11,372
6/9/11,320
6/10/11,337
6/11/11,371
6/12/11,292
6/13/11,306
6/14/11,346
6/15/11,390
6/16/11,359
6/17/11,349
6/18/11,400
6/19/11,335
6/20/11,373
6/21/11,357
6/22/11,453
6/23/11,391
6/24/11,398
6/25/11,402
6/26/11,389
6/27/11,349
6/28/11,331
6/29/11,354
6/30/11,401
7/1/11,425
7/2/11,409
7/3/11,306
7/4/11,321
7/5/11,312
7/6/11,376
7/7/11,361
7/8/11,365
7/9/11,342
7/10/11,328
7/11/11,260
7/12/11,283
7/13/11,381
7/14/11,351
7/15/11,389
7/16/11,314
7/17/11,315
7/18/11,279
7/19/11,328
7/20/11,359
7/21/11,337
7/22/11,393
7/23/11,421
7/24/11,327
7/25/11,304
7/26/11,388
7/27/11,401
7/28/11,362
7/29/11,352
7/30/11,342
7/31/11,313
8/1/11,354
8/2/11,299
8/3/11,393
8/4/11,366
8/5/11,417
8/6/11,356
8/7/11,301
8/8/11,353
8/9/11,328
8/10/11,334
8/11/11,417
8/12/11,391
8/13/11,377
8/14/11,325
8/15/11,337
8/16/11,333
8/17/11,340
8/18/11,335
8/19/11,415
8/20/11,411
8/21/11,299
8/22/11,303
8/23/11,324
8/24/11,353
8/25/11,376
8/26/11,401
8/27/11,436
8/28/11,338
8/29/11,304
8/30/11,369
8/31/11,390
9/1/11,424
9/2/11,375
9/3/11,365
9/4/11,325
9/5/11,345
9/6/11,343
9/7/11,332
9/8/11,333
9/9/11,435
9/10/11,374
9/11/11,401
9/12/11,395
9/13/11,321
9/14/11,348
9/15/11,372
9/16/11,381
9/17/11,364
9/18/11,336
9/19/11,304
9/20/11,404
9/21/11,419
9/22/11,402
9/23/11,427
9/24/11,417
9/25/11,342
9/26/11,397
9/27/11,343
9/28/11,402
9/29/11,386
9/30/11,445
10/1/11,485
10/2/11,337
10/3/11,303
10/4/11,358
10/5/11,337
10/6/11,323
10/7/11,340
10/8/11,364
10/9/11,334
10/10/11,335
10/11/11,338
10/12/11,387
10/13/11,409
10/14/11,374
10/15/11,407
10/16/11,356
10/17/11,330
10/18/11,373
10/19/11,420
10/20/11,377
10/21/11,373
10/22/11,374
10/23/11,383
10/24/11,378
10/25/11,324
10/26/11,331
10/27/11,379
10/28/11,405
10/29/11,398
10/30/11,392
10/31/11,421
11/1/11,478
11/2/11,342
11/3/11,394
11/4/11,392
11/5/11,335
11/6/11,330
11/7/11,333
11/8/11,365
11/9/11,354
11/10/11,374
11/11/11,337
11/12/11,341
11/13/11,328
11/14/11,325
11/15/11,400
11/16/11,327
11/17/11,365
11/18/11,378
11/19/11,347
11/20/11,332
11/21/11,338
11/22/11,332
11/23/11,404
11/24/11,222
11/25/11,363
11/26/11,380
11/27/11,322
11/28/11,310
11/29/11,344
11/30/11,362
12/1/11,380
12/2/11,421
12/3/11,338
12/4/11,370
12/5/11,358
12/6/11,334
12/7/11,347
12/8/11,283
12/9/11,363
12/10/11,318
12/11/11,309
12/12/11,348
12/13/11,329
12/14/11,371
12/15/11,379
12/16/11,445
12/17/11,372
12/18/11,331
12/19/11,393
12/20/11,405
12/21/11,351
12/22/11,393
12/23/11,383
12/24/11,321
12/25/11,168
12/26/11,296
12/27/11,328
12/28/11,368
12/29/11,334
12/30/11,376
12/31/11,420
1/1/12,530
1/2/12,293
1/3/12,367
1/4/12,388
1/5/12,436
1/6/12,399
1/7/12,351
1/8/12,347
1/9/12,324
1/10/12,395
1/11/12,402
1/12/12,437
1/13/12,422
1/14/12,383
1/15/12,348
1/16/12,299
1/17/12,348
1/18/12,305
1/19/12,315
1/20/12,382
1/21/12,364
1/22/12,340
1/23/12,335
1/24/12,339
1/25/12,474
1/26/12,393
1/27/12,424
1/28/12,411
1/29/12,370
1/30/12,339
1/31/12,369
2/1/12,431
2/2/12,369
2/3/12,437
2/4/12,386
2/5/12,359
2/6/12,383
2/7/12,375
2/8/12,382
2/9/12,375
2/10/12,389
2/11/12,395
2/12/12,394
2/13/12,344
2/14/12,345
2/15/12,402
2/16/12,317
2/17/12,369
2/18/12,341
2/19/12,345
2/20/12,308
2/21/12,371
2/22/12,413
2/23/12,409
2/24/12,424
2/25/12,424
2/26/12,324
2/27/12,373
2/28/12,384
2/29/12,361
3/1/12,421
3/2/12,420
3/3/12,395
3/4/12,363
3/5/12,395
3/6/12,315
3/7/12,349
3/8/12,383
3/9/12,423
3/10/12,393
3/11/12,392
3/12/12,348
3/13/12,337
3/14/12,316
3/15/12,356
3/16/12,381
3/17/12,396
3/18/12,366
3/19/12,367
3/20/12,376
3/21/12,409
3/22/12,389
3/23/12,440
3/24/12,348
3/25/12,362
3/26/12,350
3/27/12,303
3/28/12,318
3/29/12,328
3/30/12,372
3/31/12,346
4/1/12,393
4/2/12,345
4/3/12,346
4/4/12,441
4/5/12,347
4/6/12,361
4/7/12,364
4/8/12,327
4/9/12,338
4/10/12,348
4/11/12,354
4/12/12,379
4/13/12,415
4/14/12,360
4/15/12,364
4/16/12,367
4/17/12,392
4/18/12,369
4/19/12,392
4/20/12,420
4/21/12,419
4/22/12,326
4/23/12,404
4/24/12,363
4/25/12,364
4/26/12,361
4/27/12,449
4/28/12,417
4/29/12,331
4/30/12,402
5/1/12,402
5/2/12,386
5/3/12,367
5/4/12,442
5/5/12,404
5/6/12,387
5/7/12,335
5/8/12,421
5/9/12,377
5/10/12,386
5/11/12,442
5/12/12,386
5/13/12,310
5/14/12,346
5/15/12,383
5/16/12,409
5/17/12,332
5/18/12,398
5/19/12,396
5/20/12,435
5/21/12,349
5/22/12,357
5/23/12,381
5/24/12,370
5/25/12,403
5/26/12,380
5/27/12,357
5/28/12,329
5/29/12,380
5/30/12,411
5/31/12,352
6/1/12,460
6/2/12,370
6/3/12,371
6/4/12,348
6/5/12,327
6/6/12,317
6/7/12,295
6/8/12,328
6/9/12,306
6/10/12,330
6/11/12,337
6/12/12,296
6/13/12,381
6/14/12,323
6/15/12,370
6/16/12,319
6/17/12,343
6/18/12,341
6/19/12,345
6/20/12,388
6/21/12,367
6/22/12,387
6/23/12,453
6/24/12,507
6/25/12,376
6/26/12,405
6/27/12,433
6/28/12,455
6/29/12,389
6/30/12,396
7/1/12,370
7/2/12,374
7/3/12,439
7/4/12,417
7/5/12,363
7/6/12,369
7/7/12,329
7/8/12,312
7/9/12,350
7/10/12,358
7/11/12,327
7/12/12,373
7/13/12,407
7/14/12,399
7/15/12,409
7/16/12,352
7/17/12,330
7/18/12,341
7/19/12,378
7/20/12,423
7/21/12,404
7/22/12,314
7/23/12,363
7/24/12,363
7/25/12,398
7/26/12,358
7/27/12,417
7/28/12,427
7/29/12,373
7/30/12,343
7/31/12,328
8/1/12,485
8/2/12,358
8/3/12,425
8/4/12,418
8/5/12,392
8/6/12,384
8/7/12,322
8/8/12,359
8/9/12,389
8/10/12,390
8/11/12,386
8/12/12,347
8/13/12,391
8/14/12,399
8/15/12,406
8/16/12,379
8/17/12,398
8/18/12,352
8/19/12,360
8/20/12,408
8/21/12,421
8/22/12,411
8/23/12,412
8/24/12,440
8/25/12,456
8/26/12,356
8/27/12,369
8/28/12,425
8/29/12,439
8/30/12,410
8/31/12,446
9/1/12,456
9/2/12,364
9/3/12,422
9/4/12,399
9/5/12,372
9/6/12,403
9/7/12,388
9/8/12,405
9/9/12,402
9/10/12,400
9/11/12,364
9/12/12,422
9/13/12,394
9/14/12,495
9/15/12,404
9/16/12,382
9/17/12,393
9/18/12,345
9/19/12,408
9/20/12,388
9/21/12,458
9/22/12,386
9/23/12,416
9/24/12,348
9/25/12,357
9/26/12,356
9/27/12,365
9/28/12,409
9/29/12,417
9/30/12,392
10/1/12,547
10/2/12,411
10/3/12,395
10/4/12,362
10/5/12,436
10/6/12,505
10/7/12,466
10/8/12,349
10/9/12,366
10/10/12,410
10/11/12,339
10/12/12,437
10/13/12,401
10/14/12,427
10/15/12,437
10/16/12,448
10/17/12,510
10/18/12,431
10/19/12,498
10/20/12,428
10/21/12,323
10/22/12,423
10/23/12,393
10/24/12,389
10/25/12,436
10/26/12,442
10/27/12,378
10/28/12,502
10/29/12,443
10/30/12,374
10/31/12,481
11/1/12,440
11/2/12,483
11/3/12,478
11/4/12,392
11/5/12,394
11/6/12,394
11/7/12,353
11/8/12,347
11/9/12,418
11/10/12,458
11/11/12,388
11/12/12,358
11/13/12,435
11/14/12,413
11/15/12,399
11/16/12,453
11/17/12,408
11/18/12,400
11/19/12,432
11/20/12,452
11/21/12,410
11/22/12,247
11/23/12,398
11/24/12,424
11/25/12,324
11/26/12,362
11/27/12,394
11/28/12,353
11/29/12,394
11/30/12,417
12/1/12,437
12/2/12,354
12/3/12,370
12/4/12,359
12/5/12,378
12/6/12,386
12/7/12,409
12/8/12,369
12/9/12,365
12/10/12,337
12/11/12,350
12/12/12,355
12/13/12,404
12/14/12,421
12/15/12,374
12/16/12,407
12/17/12,367
12/18/12,396
12/19/12,441
12/20/12,419
12/21/12,446
12/22/12,398
12/23/12,287
12/24/12,332
12/25/12,217
12/26/12,307
12/27/12,413
12/28/12,413
12/29/12,430
12/30/12,441
12/31/12,360
1/1/13,627
1/2/13,397
1/3/13,349
1/4/13,410
1/5/13,386
1/6/13,342
1/7/13,397
1/8/13,354
1/9/13,430
1/10/13,425
1/11/13,390
1/12/13,407
1/13/13,340
1/14/13,375
1/15/13,394
1/16/13,360
1/17/13,451
1/18/13,428
1/19/13,423
1/20/13,416
1/21/13,357
1/22/13,371
1/23/13,430
1/24/13,471
1/25/13,505
1/26/13,449
1/27/13,386
1/28/13,405
1/29/13,395
1/30/13,392
1/31/13,495
2/1/13,492
2/2/13,417
2/3/13,397
2/4/13,380
2/5/13,422
2/6/13,388
2/7/13,370
2/8/13,442
2/9/13,413
2/10/13,393
2/11/13,392
2/12/13,391
2/13/13,516
2/14/13,402
2/15/13,474
2/16/13,504
2/17/13,444
2/18/13,420
2/19/13,408
2/20/13,389
2/21/13,410
2/22/13,458
2/23/13,422
2/24/13,379
2/25/13,414
2/26/13,376
2/27/13,424
2/28/13,395
3/1/13,545
3/2/13,413
3/3/13,381
3/4/13,413
3/5/13,407
3/6/13,400
3/7/13,398
3/8/13,484
3/9/13,382
3/10/13,345
3/11/13,382
3/12/13,382
3/13/13,483
3/14/13,393
3/15/13,461
3/16/13,412
3/17/13,428
3/18/13,378
3/19/13,412
3/20/13,408
3/21/13,461
3/22/13,465
3/23/13,462
3/24/13,414
3/25/13,403
3/26/13,398
3/27/13,428
3/28/13,401
3/29/13,467
3/30/13,361
3/31/13,371
4/1/13,446
4/2/13,368
4/3/13,326
4/4/13,357
4/5/13,495
4/6/13,456
4/7/13,402
4/8/13,351
4/9/13,434
4/10/13,391
4/11/13,449
4/12/13,442
4/13/13,417
4/14/13,382
4/15/13,422
4/16/13,392
4/17/13,432
4/18/13,396
4/19/13,453
4/20/13,465
4/21/13,407
4/22/13,427
4/23/13,442
4/24/13,474
4/25/13,422
4/26/13,354
4/27/13,456
4/28/13,400
4/29/13,405
4/30/13,393
5/1/13,473
5/2/13,404
5/3/13,416
5/4/13,379
5/5/13,452
5/6/13,425
5/7/13,463
5/8/13,405
5/9/13,481
5/10/13,454
5/11/13,381
5/12/13,372
5/13/13,298
5/14/13,356
5/15/13,420
5/16/13,421
5/17/13,486
5/18/13,393
5/19/13,468
5/20/13,432
5/21/13,409
5/22/13,389
5/23/13,384
5/24/13,512
5/25/13,399
5/26/13,447
5/27/13,339
5/28/13,415
5/29/13,385
5/30/13,381
5/31/13,438
6/1/13,516
6/2/13,373
6/3/13,436
6/4/13,375
6/5/13,357
6/6/13,379
6/7/13,448
6/8/13,357
6/9/13,352
6/10/13,427
6/11/13,451
6/12/13,432
6/13/13,408
6/14/13,431
6/15/13,370
6/16/13,372
6/17/13,396
6/18/13,431
6/19/13,446
6/20/13,403
6/21/13,438
6/22/13,371
6/23/13,386
6/24/13,386
6/25/13,346
6/26/13,415
6/27/13,403
6/28/13,478
6/29/13,475
6/30/13,513
7/1/13,430
7/2/13,399
7/3/13,439
7/4/13,363
7/5/13,419
7/6/13,379
7/7/13,403
7/8/13,398
7/9/13,419
7/10/13,398
7/11/13,353
7/12/13,430
7/13/13,409
7/14/13,397
7/15/13,414
7/16/13,436
7/17/13,456
7/18/13,426
7/19/13,446
7/20/13,377
7/21/13,393
7/22/13,456
7/23/13,409
7/24/13,465
7/25/13,408
7/26/13,479
7/27/13,460
7/28/13,462
7/29/13,436
7/30/13,435
7/31/13,439
8/1/13,505
8/2/13,441
8/3/13,437
8/4/13,421
8/5/13,377
8/6/13,379
8/7/13,435
8/8/13,404
8/9/13,503
8/10/13,485
8/11/13,457
8/12/13,424
8/13/13,408
8/14/13,437
8/15/13,476
8/16/13,519
8/17/13,448
8/18/13,440
8/19/13,482
8/20/13,439
8/21/13,434
8/22/13,387
8/23/13,488
8/24/13,406
8/25/13,427
8/26/13,434
8/27/13,430
8/28/13,414
8/29/13,435
8/30/13,429
8/31/13,409
9/1/13,493
9/2/13,377
9/3/13,410
9/4/13,472
9/5/13,447
9/6/13,510
9/7/13,482
9/8/13,434
9/9/13,444
9/10/13,420
9/11/13,516
9/12/13,481
9/13/13,504
9/14/13,433
9/15/13,444
9/16/13,434
9/17/13,427
9/18/13,480
9/19/13,447
9/20/13,485
9/21/13,398
9/22/13,392
9/23/13,460
9/24/13,449
9/25/13,526
9/26/13,502
9/27/13,517
9/28/13,471
9/29/13,422
9/30/13,448
10/1/13,504
10/2/13,482
10/3/13,454
10/4/13,555
10/5/13,465
10/6/13,445
10/7/13,414
10/8/13,416
10/9/13,439
10/10/13,447
10/11/13,458
10/12/13,355
10/13/13,388
10/14/13,421
10/15/13,451
10/16/13,426
10/17/13,456
10/18/13,455
10/19/13,447
10/20/13,428
10/21/13,476
10/22/13,473
10/23/13,443
10/24/13,442
10/25/13,482
10/26/13,451
10/27/13,423
10/28/13,443
10/29/13,415
10/30/13,428
10/31/13,466
11/1/13,626
11/2/13,360
11/3/13,361
11/4/13,360
11/5/13,401
11/6/13,456
11/7/13,377
11/8/13,406
11/9/13,427
11/10/13,365
11/11/13,375
11/12/13,512
11/13/13,441
11/14/13,419
11/15/13,431
11/16/13,442
11/17/13,360
11/18/13,424
11/19/13,365
11/20/13,418
11/21/13,420
11/22/13,429
11/23/13,461
11/24/13,355
11/25/13,356
11/26/13,381
11/27/13,390
11/28/13,308
11/29/13,393
11/30/13,398
12/1/13,437
12/2/13,370
12/3/13,432
12/4/13,391
12/5/13,400
12/6/13,378
12/7/13,386
12/8/13,334
12/9/13,350
12/10/13,373
12/11/13,394
12/12/13,360
12/13/13,387
12/14/13,392
12/15/13,370
12/16/13,420
12/17/13,424
12/18/13,407
12/19/13,412
12/20/13,413
12/21/13,339
12/22/13,327
12/23/13,187
12/24/13,173
12/25/13,152
12/26/13,249
12/27/13,399
12/28/13,436
12/29/13,383
12/30/13,377
12/31/13,390
1/1/14,488
1/2/14,387
1/3/14,427
1/4/14,368
1/5/14,320
1/6/14,393
1/7/14,376
1/8/14,430
1/9/14,392
1/10/14,465
1/11/14,395
1/12/14,369
1/13/14,399
1/14/14,457
1/15/14,452
1/16/14,496
1/17/14,426
1/18/14,454
1/19/14,390
1/20/14,391
1/21/14,380
1/22/14,420
1/23/14,426
1/24/14,473
1/25/14,465
1/26/14,405
1/27/14,432
1/28/14,385
1/29/14,375
1/30/14,376
1/31/14,365
2/1/14,493
2/2/14,361
2/3/14,393
2/4/14,397
2/5/14,439
2/6/14,393
2/7/14,407
2/8/14,385
2/9/14,365
2/10/14,451
2/11/14,373
2/12/14,472
2/13/14,417
2/14/14,514
2/15/14,477
2/16/14,386
2/17/14,415
2/18/14,437
2/19/14,404
2/20/14,386
2/21/14,458
2/22/14,412
2/23/14,367
2/24/14,373
2/25/14,389
2/26/14,382
2/27/14,422
2/28/14,397
3/1/14,444
3/2/14,385
3/3/14,383
3/4/14,417
3/5/14,418
3/6/14,467
3/7/14,458
3/8/14,417
3/9/14,378
3/10/14,401
3/11/14,402
3/12/14,419
3/13/14,383
3/14/14,487
3/15/14,441
3/16/14,355
3/17/14,406
3/18/14,386
3/19/14,513
3/20/14,393
3/21/14,412
3/22/14,423
3/23/14,402
3/24/14,437
3/25/14,410
3/26/14,366
3/27/14,494
3/28/14,498
3/29/14,402
3/30/14,338
3/31/14,352
4/1/14,423
4/2/14,390
4/3/14,443
4/4/14,409
4/5/14,426
4/6/14,409
4/7/14,422
4/8/14,402
4/9/14,391
4/10/14,453
4/11/14,447
4/12/14,481
4/13/14,353
4/14/14,367
4/15/14,363
4/16/14,470
4/17/14,402
4/18/14,444
4/19/14,461
4/20/14,365
4/21/14,365
4/22/14,392
4/23/14,394
4/24/14,448
4/25/14,462
4/26/14,439
4/27/14,355
4/28/14,414
4/29/14,375
4/30/14,388
5/1/14,446
5/2/14,425
5/3/14,380
5/4/14,357
5/5/14,388
5/6/14,426
5/7/14,368
5/8/14,355
5/9/14,409
5/10/14,386
5/11/14,372
5/12/14,338
5/13/14,382
5/14/14,412
5/15/14,413
5/16/14,406
5/17/14,454
5/18/14,436
5/19/14,389
5/20/14,393
5/21/14,413
5/22/14,379
5/23/14,448
5/24/14,397
5/25/14,433
5/26/14,407
5/27/14,396
5/28/14,400
5/29/14,383
5/30/14,375
5/31/14,348
6/1/14,367
6/2/14,394
6/3/14,403
6/4/14,471
6/5/14,415
6/6/14,419
6/7/14,382
6/8/14,307
6/9/14,361
6/10/14,374
6/11/14,360
6/12/14,360
6/13/14,391
6/14/14,375
6/15/14,375
6/16/14,362
6/17/14,401
6/18/14,378
6/19/14,380
6/20/14,486
6/21/14,424
6/22/14,332
6/23/14,418
6/24/14,361
6/25/14,391
6/26/14,391
6/27/14,470
6/28/14,505
6/29/14,493
6/30/14,355
7/1/14,423
7/2/14,395
7/3/14,416
7/4/14,387
7/5/14,393
7/6/14,366
7/7/14,450
7/8/14,388
7/9/14,446
7/10/14,398
7/11/14,404
7/12/14,397
7/13/14,365
7/14/14,441
7/15/14,409
7/16/14,385
7/17/14,404
7/18/14,436
7/19/14,403
7/20/14,371
7/21/14,444
7/22/14,446
7/23/14,397
7/24/14,438
7/25/14,434
7/26/14,379
7/27/14,419
7/28/14,418
7/29/14,462
7/30/14,425
7/31/14,402
8/1/14,474
8/2/14,443
8/3/14,385
8/4/14,376
8/5/14,377
8/6/14,430
8/7/14,455
8/8/14,511
8/9/14,509
8/10/14,457
8/11/14,405
8/12/14,413
8/13/14,414
8/14/14,448
8/15/14,427
8/16/14,489
8/17/14,412
8/18/14,474
8/19/14,367
8/20/14,453
8/21/14,377
8/22/14,483
8/23/14,476
8/24/14,401
8/25/14,423
8/26/14,428
8/27/14,401
8/28/14,380
8/29/14,502
8/30/14,467
8/31/14,378
9/1/14,378
9/2/14,411
9/3/14,385
9/4/14,471
9/5/14,442
9/6/14,433
9/7/14,353
9/8/14,398
9/9/14,433
9/10/14,462
9/11/14,404
9/12/14,420
9/13/14,417
9/14/14,396
9/15/14,383
9/16/14,406
9/17/14,395
9/18/14,412
9/19/14,464
9/20/14,480
9/21/14,435
9/22/14,399
9/23/14,425
9/24/14,393
9/25/14,383
9/26/14,467
9/27/14,497
9/28/14,386
9/29/14,411
9/30/14,402
10/1/14,446
10/2/14,398
10/3/14,451
10/4/14,484
10/5/14,432
10/6/14,396
10/7/14,459
10/8/14,393
10/9/14,460
10/10/14,460
10/11/14,521
10/12/14,414
10/13/14,433
10/14/14,447
10/15/14,420
10/16/14,420
10/17/14,438
10/18/14,438
10/19/14,397
10/20/14,399
10/21/14,413
10/22/14,398
10/23/14,438
10/24/14,477
10/25/14,460
10/26/14,392
10/27/14,373
10/28/14,416
10/29/14,494
10/30/14,387
10/31/14,427
11/1/14,475
11/2/14,370
11/3/14,364
11/4/14,396
11/5/14,418
11/6/14,404
11/7/14,433
11/8/14,423
11/9/14,392
11/10/14,417
11/11/14,376
11/12/14,421
11/13/14,376
11/14/14,470
11/15/14,462
11/16/14,373
11/17/14,356
11/18/14,422
11/19/14,361
11/20/14,367
11/21/14,442
11/22/14,450
11/23/14,423
11/24/14,415
11/25/14,432
11/26/14,454
11/27/14,312
11/28/14,403
11/29/14,392
11/30/14,321
12/1/14,428
12/2/14,357
12/3/14,330
12/4/14,357
12/5/14,441
12/6/14,395
12/7/14,362
12/8/14,398
12/9/14,396
12/10/14,411
12/11/14,322
12/12/14,433
12/13/14,415
12/14/14,375
12/15/14,366
12/16/14,355
12/17/14,406
12/18/14,434
12/19/14,448
12/20/14,420
12/21/14,415
12/22/14,440
12/23/14,426
12/24/14,370
12/25/14,257
12/26/14,409
12/27/14,376
12/28/14,360
12/29/14,433
12/30/14,377
12/31/14,401
1/1/15,553
1/2/15,433
1/3/15,444
1/4/15,335
1/5/15,459
1/6/15,417
1/7/15,397
1/8/15,394
1/9/15,509
1/10/15,424
1/11/15,368
1/12/15,439
1/13/15,422
1/14/15,475
1/15/15,496
1/16/15,479
1/17/15,490
1/18/15,401
1/19/15,483
1/20/15,445
1/21/15,408
1/22/15,423
1/23/15,445
1/24/15,454
1/25/15,365
1/26/15,372
1/27/15,473
1/28/15,443
1/29/15,444
1/30/15,464
1/31/15,452
2/1/15,466
2/2/15,467
2/3/15,450
2/4/15,507
2/5/15,387
2/6/15,424
2/7/15,354
2/8/15,394
2/9/15,421
2/10/15,429
2/11/15,419
2/12/15,403
2/13/15,457
2/14/15,442
2/15/15,416
2/16/15,439
2/17/15,438
2/18/15,448
2/19/15,385
2/20/15,536
2/21/15,455
2/22/15,445
2/23/15,505
2/24/15,436
2/25/15,456
2/26/15,445
2/27/15,441
2/28/15,464
3/1/15,475
3/2/15,414
3/3/15,459
3/4/15,473
3/5/15,436
3/6/15,478
3/7/15,481
3/8/15,412
3/9/15,463
3/10/15,428
3/11/15,436
3/12/15,428
3/13/15,506
3/14/15,460
3/15/15,482
3/16/15,430
3/17/15,446
3/18/15,402
3/19/15,446
3/20/15,479
3/21/15,411
3/22/15,430
3/23/15,390
3/24/15,438
3/25/15,526
3/26/15,436
3/27/15,491
3/28/15,508
3/29/15,416
3/30/15,438
3/31/15,411
4/1/15,454
4/2/15,446
4/3/15,462
4/4/15,438
4/5/15,384
4/6/15,428
4/7/15,392
4/8/15,411
4/9/15,423
4/10/15,455
4/11/15,466
4/12/15,405
4/13/15,421
4/14/15,383
4/15/15,485
4/16/15,423
4/17/15,473
4/18/15,466
4/19/15,462
4/20/15,409
4/21/15,399
4/22/15,467
4/23/15,363
4/24/15,471
4/25/15,419
4/26/15,404
4/27/15,416
4/28/15,404
4/29/15,470
4/30/15,460
5/1/15,475
5/2/15,401
5/3/15,399
5/4/15,395
5/5/15,449
5/6/15,449
5/7/15,504
5/8/15,470
5/9/15,416
5/10/15,371
5/11/15,459
5/12/15,396
5/13/15,412
5/14/15,455
5/15/15,485
5/16/15,470
5/17/15,493
5/18/15,413
5/19/15,452
5/20/15,428
5/21/15,431
5/22/15,535
5/23/15,491
5/24/15,409
5/25/15,427
5/26/15,383
5/27/15,450
5/28/15,426
5/29/15,449
5/30/15,522
5/31/15,414
6/1/15,536
6/2/15,442
6/3/15,439
6/4/15,347
6/5/15,482
6/6/15,470
6/7/15,409
6/8/15,410
6/9/15,437
6/10/15,430
6/11/15,448
6/12/15,502
6/13/15,429
6/14/15,401
6/15/15,469
6/16/15,453
6/17/15,423
6/18/15,382
6/19/15,422
6/20/15,452
6/21/15,419
6/22/15,409
6/23/15,403
6/24/15,464
6/25/15,451
6/26/15,504
6/27/15,505
6/28/15,598
6/29/15,410
6/30/15,358
7/1/15,486
7/2/15,407
7/3/15,439
7/4/15,417
7/5/15,400
7/6/15,456
7/7/15,421
7/8/15,379
7/9/15,396
7/10/15,471
7/11/15,477
7/12/15,438
7/13/15,377
7/14/15,381
7/15/15,459
7/16/15,404
7/17/15,484
7/18/15,427
7/19/15,397
7/20/15,463
7/21/15,428
7/22/15,436
7/23/15,439
7/24/15,481
7/25/15,478
7/26/15,428
7/27/15,420
7/28/15,432
7/29/15,402
7/30/15,409
7/31/15,433
8/1/15,467
8/2/15,401
8/3/15,454
8/4/15,405
8/5/15,482
8/6/15,399
8/7/15,535
8/8/15,484
8/9/15,384
8/10/15,400
8/11/15,426
8/12/15,415
8/13/15,462
8/14/15,462
8/15/15,460
8/16/15,383
8/17/15,456
8/18/15,437
8/19/15,429
8/20/15,430
8/21/15,499
8/22/15,466
8/23/15,400
8/24/15,455
8/25/15,405
8/26/15,446
8/27/15,447
8/28/15,539
8/29/15,450
8/30/15,461
8/31/15,391
9/1/15,473
9/2/15,439
9/3/15,413
9/4/15,455
9/5/15,469
9/6/15,403
9/7/15,403
9/8/15,408
9/9/15,402
9/10/15,417
9/11/15,482
9/12/15,483
9/13/15,406
9/14/15,393
9/15/15,426
9/16/15,448
9/17/15,447
9/18/15,441
9/19/15,452
9/20/15,435
9/21/15,387
9/22/15,453
9/23/15,403
9/24/15,467
9/25/15,443
9/26/15,424
9/27/15,391
9/28/15,415
9/29/15,427
9/30/15,391
10/1/15,554
10/2/15,482
10/3/15,411
10/4/15,381
10/5/15,418
10/6/15,396
10/7/15,428
10/8/15,420
10/9/15,432
10/10/15,485
10/11/15,370
10/12/15,393
10/13/15,419
10/14/15,386
10/15/15,430
10/16/15,460
10/17/15,405
10/18/15,384
10/19/15,378
10/20/15,456
10/21/15,375
10/22/15,372
10/23/15,475
10/24/15,451
10/25/15,433
10/26/15,459
10/27/15,394
10/28/15,431
10/29/15,395
10/30/15,419
10/31/15,455
11/1/15,522
11/2/15,360
11/3/15,424
11/4/15,427
11/5/15,412
11/6/15,389
11/7/15,348
11/8/15,362
11/9/15,399
11/10/15,395
11/11/15,352
11/12/15,384
11/13/15,423
11/14/15,408
11/15/15,423
11/16/15,389
11/17/15,398
11/18/15,426
11/19/15,402
11/20/15,476
11/21/15,432
11/22/15,387
11/23/15,365
11/24/15,427
11/25/15,433
11/26/15,315
11/27/15,416
11/28/15,392
11/29/15,363
11/30/15,442
12/1/15,440
12/2/15,382
12/3/15,395
12/4/15,435
12/5/15,389
12/6/15,381
12/7/15,367
12/8/15,397
12/9/15,378
12/10/15,399
12/11/15,370
12/12/15,351
12/13/15,349
12/14/15,364
12/15/15,349
12/16/15,373
12/17/15,362
12/18/15,290
12/19/15,259
12/20/15,309
12/21/15,275
12/22/15,377
12/23/15,394
12/24/15,421
12/25/15,280
12/26/15,378
12/27/15,344
12/28/15,365
12/29/15,382
12/30/15,472
12/31/15,414
1/1/16,567
1/2/16,396
1/3/16,316
1/4/16,366
1/5/16,382
1/6/16,360
1/7/16,429
1/8/16,444
1/9/16,407
1/10/16,402
1/11/16,362
1/12/16,409
1/13/16,421
1/14/16,395
1/15/16,441
1/16/16,446
1/17/16,387
1/18/16,375
1/19/16,383
1/20/16,462
1/21/16,450
1/22/16,455
1/23/16,486
1/24/16,400
1/25/16,401
1/26/16,448
1/27/16,446
1/28/16,394
1/29/16,514
1/30/16,421
1/31/16,402
2/1/16,494
2/2/16,410
2/3/16,420
2/4/16,492
2/5/16,472
2/6/16,443
2/7/16,460
2/8/16,417
2/9/16,420
2/10/16,423
2/11/16,391
2/12/16,423
2/13/16,414
2/14/16,365
2/15/16,418
2/16/16,440
2/17/16,404
2/18/16,418
2/19/16,423
2/20/16,410
2/21/16,424
2/22/16,393
2/23/16,360
2/24/16,413
2/25/16,393
2/26/16,377
2/27/16,419
2/28/16,382
2/29/16,388
3/1/16,427
3/2/16,404
3/3/16,377
3/4/16,460
3/5/16,351
3/6/16,368
3/7/16,388
3/8/16,369
3/9/16,375
3/10/16,348
3/11/16,386
3/12/16,364
3/13/16,309
3/14/16,415
3/15/16,403
3/16/16,418
3/17/16,415
3/18/16,461
3/19/16,399
3/20/16,360
3/21/16,433
3/22/16,435
3/23/16,412
3/24/16,358
3/25/16,423
3/26/16,450
3/27/16,387
3/28/16,392
3/29/16,436
3/30/16,422
3/31/16,435
4/1/16,530
4/2/16,436
4/3/16,384
4/4/16,459
4/5/16,390
4/6/16,422
4/7/16,435
4/8/16,417
4/9/16,400
4/10/16,338
4/11/16,418
4/12/16,410
4/13/16,405
4/14/16,371
4/15/16,445
4/16/16,390
4/17/16,374
4/18/16,363
4/19/16,406
4/20/16,482
4/21/16,410
4/22/16,414
4/23/16,447
4/24/16,382
4/25/16,383
4/26/16,352
4/27/16,365
4/28/16,449
4/29/16,427
4/30/16,424
5/1/16,482
5/2/16,382
5/3/16,348
5/4/16,387
5/5/16,456
5/6/16,439
5/7/16,421
5/8/16,330
5/9/16,326
5/10/16,383
5/11/16,381
5/12/16,398
5/13/16,442
5/14/16,427
5/15/16,440
5/16/16,431
5/17/16,431
5/18/16,393
5/19/16,394
5/20/16,450
5/21/16,387
5/22/16,360
5/23/16,485
5/24/16,452
5/25/16,395
5/26/16,402
5/27/16,459
5/28/16,388
5/29/16,445
5/30/16,405
5/31/16,413
6/1/16,481
6/2/16,415
6/3/16,382
6/4/16,368
6/5/16,369
6/6/16,328
6/7/16,381
6/8/16,381
6/9/16,394
6/10/16,418
6/11/16,376
6/12/16,403
6/13/16,378
6/14/16,362
6/15/16,437
6/16/16,425
6/17/16,403
6/18/16,402
6/19/16,354
6/20/16,404
6/21/16,425
6/22/16,453
6/23/16,390
6/24/16,455
6/25/16,507
6/26/16,482
6/27/16,336
6/28/16,433
6/29/16,357
6/30/16,395
7/1/16,508
7/2/16,354
7/3/16,387
7/4/16,352
7/5/16,394
7/6/16,413
7/7/16,369
7/8/16,353
7/9/16,402
7/10/16,373
7/11/16,415
7/12/16,378
7/13/16,364
7/14/16,383
7/15/16,423
7/16/16,423
7/17/16,330
7/18/16,379
7/19/16,412
7/20/16,361
7/21/16,388
7/22/16,407
7/23/16,399
7/24/16,389
7/25/16,376
7/26/16,395
7/27/16,435
7/28/16,388
7/29/16,399
7/30/16,418
7/31/16,424
8/1/16,492
8/2/16,380
8/3/16,402
8/4/16,354
8/5/16,445
8/6/16,431
8/7/16,402
8/8/16,345
8/9/16,382
8/10/16,411
8/11/16,418
8/12/16,414
8/13/16,432
8/14/16,385
8/15/16,382
8/16/16,380
8/17/16,374
8/18/16,421
8/19/16,387
8/20/16,350
8/21/16,419
8/22/16,400
8/23/16,416
8/24/16,405
8/25/16,441
8/26/16,424
8/27/16,400
8/28/16,389
8/29/16,413
8/30/16,359
8/31/16,418
9/1/16,453
9/2/16,490
9/3/16,413
9/4/16,401
9/5/16,350
9/6/16,420
9/7/16,405
9/8/16,388
9/9/16,429
9/10/16,429
9/11/16,360
9/12/16,383
9/13/16,410
9/14/16,388
9/15/16,464
9/16/16,433
9/17/16,432
9/18/16,419
9/19/16,385
9/20/16,387
9/21/16,391
9/22/16,432
9/23/16,451
9/24/16,447
9/25/16,431
9/26/16,419
9/27/16,423
9/28/16,445
9/29/16,364
9/30/16,457
10/1/16,476
10/2/16,367
10/3/16,426
10/4/16,439
10/5/16,397
10/6/16,410
10/7/16,477
10/8/16,533
10/9/16,430
10/10/16,459
10/11/16,404
10/12/16,449
10/13/16,461
10/14/16,434
10/15/16,424
10/16/16,408
10/17/16,426
10/18/16,402
10/19/16,424
10/20/16,429
10/21/16,419
10/22/16,416
10/23/16,372
10/24/16,418
10/25/16,430
10/26/16,436
10/27/16,447
10/28/16,457
10/29/16,426
10/30/16,432
10/31/16,460
11/1/16,465
11/2/16,420
11/3/16,446
11/4/16,473
11/5/16,410
11/6/16,410
11/7/16,366
11/8/16,421
11/9/16,398
11/10/16,442
11/11/16,452
11/12/16,476
11/13/16,347
11/14/16,395
11/15/16,475
11/16/16,446
11/17/16,435
11/18/16,491
11/19/16,419
11/20/16,418
11/21/16,402
11/22/16,427
11/23/16,429
11/24/16,324
11/25/16,468
11/26/16,452
11/27/16,409
11/28/16,393
11/29/16,438
11/30/16,373
12/1/16,484
12/2/16,455
12/3/16,378
12/4/16,408
12/5/16,420
12/6/16,434
12/7/16,367
12/8/16,374
12/9/16,414
12/10/16,432
12/11/16,445
12/12/16,446
12/13/16,417
12/14/16,507
12/15/16,411
12/16/16,482
12/17/16,417
12/18/16,366
12/19/16,433
12/20/16,460
12/21/16,400
12/22/16,477
12/23/16,450
12/24/16,372
12/25/16,228
12/26/16,365
12/27/16,438
12/28/16,397
12/29/16,427
12/30/16,422
12/31/16,481
1/1/17,483
1/2/17,386
1/3/17,411
1/4/17,375
1/5/17,418
1/6/17,445
1/7/17,407
1/8/17,368
1/9/17,375
1/10/17,411
1/11/17,382
1/12/17,379
1/13/17,451
1/14/17,464
1/15/17,419
1/16/17,418
1/17/17,409
1/18/17,407
1/19/17,425
1/20/17,424
1/21/17,473
1/22/17,418
1/23/17,457
1/24/17,439
1/25/17,414
1/26/17,447
1/27/17,443
1/28/17,427
1/29/17,424
1/30/17,439
1/31/17,432
2/1/17,470
2/2/17,445
2/3/17,466
2/4/17,487
2/5/17,385
2/6/17,380
2/7/17,401
2/8/17,428
2/9/17,432
2/10/17,493
2/11/17,497
2/12/17,369
2/13/17,435
2/14/17,415
2/15/17,457
2/16/17,422
2/17/17,484
2/18/17,486
2/19/17,421
2/20/17,397
2/21/17,433
2/22/17,424
2/23/17,422
2/24/17,393
2/25/17,454
2/26/17,408
2/27/17,437
2/28/17,431
3/1/17,531
3/2/17,436
3/3/17,486
3/4/17,431
3/5/17,381
3/6/17,440
3/7/17,413
3/8/17,437
3/9/17,393
3/10/17,462
3/11/17,423
3/12/17,403
3/13/17,421
3/14/17,436
3/15/17,464
3/16/17,424
3/17/17,540
3/18/17,435
3/19/17,365
3/20/17,381
3/21/17,407
3/22/17,479
3/23/17,419
3/24/17,457
3/25/17,435
3/26/17,454
3/27/17,476
3/28/17,409
3/29/17,494
3/30/17,499
3/31/17,446
4/1/17,487
4/2/17,374
4/3/17,457
4/4/17,422
4/5/17,438
4/6/17,401
4/7/17,439
4/8/17,418
4/9/17,335
4/10/17,477
4/11/17,444
4/12/17,432
4/13/17,420
4/14/17,497
4/15/17,466
4/16/17,389
4/17/17,429
4/18/17,422
4/19/17,392
4/20/17,457
4/21/17,438
4/22/17,428
4/23/17,407
4/24/17,384
4/25/17,427
4/26/17,417
4/27/17,452
4/28/17,473
4/29/17,449
4/30/17,444
5/1/17,470
5/2/17,409
5/3/17,414
5/4/17,414
5/5/17,427
5/6/17,421
5/7/17,432
5/8/17,447
5/9/17,391
5/10/17,439
5/11/17,424
5/12/17,460
5/13/17,422
5/14/17,356
5/15/17,485
5/16/17,475
5/17/17,407
5/18/17,433
5/19/17,427
5/20/17,454
5/21/17,436
5/22/17,407
5/23/17,481
5/24/17,384
5/25/17,460
5/26/17,460
5/27/17,474
5/28/17,433
5/29/17,372
5/30/17,331
5/31/17,392
6/1/17,464
6/2/17,428
6/3/17,397
6/4/17,398
6/5/17,437
6/6/17,366
6/7/17,427
6/8/17,396
6/9/17,431
6/10/17,400
6/11/17,379
6/12/17,397
6/13/17,392
6/14/17,403
6/15/17,399
6/16/17,446
6/17/17,412
6/18/17,383
6/19/17,429
6/20/17,444
6/21/17,434
6/22/17,412
6/23/17,473
6/24/17,489
6/25/17,557
6/26/17,426
6/27/17,403
6/28/17,361
6/29/17,384
6/30/17,421
7/1/17,436
7/2/17,406
7/3/17,415
7/4/17,378
7/5/17,406
7/6/17,417
7/7/17,410
7/8/17,465
7/9/17,441
7/10/17,407
7/11/17,389
7/12/17,399
7/13/17,476
7/14/17,435
7/15/17,472
7/16/17,405
7/17/17,447
7/18/17,435
7/19/17,435
7/20/17,447
7/21/17,449
7/22/17,441
7/23/17,442
7/24/17,378
7/25/17,430
7/26/17,396
7/27/17,406
7/28/17,468
7/29/17,455
7/30/17,391
7/31/17,369
8/1/17,407
8/2/17,435
8/3/17,393
8/4/17,399
8/5/17,430
8/6/17,347
8/7/17,395
8/8/17,410
8/9/17,410
8/10/17,372
8/11/17,464
8/12/17,495
8/13/17,383
8/14/17,366
8/15/17,442
8/16/17,366
8/17/17,421
8/18/17,449
8/19/17,423
8/20/17,438
8/21/17,425
8/22/17,406
8/23/17,381
8/24/17,442
8/25/17,460
8/26/17,419
8/27/17,378
8/28/17,422
8/29/17,388
8/30/17,446
8/31/17,438
9/1/17,536
9/2/17,399
9/3/17,355
9/4/17,386
9/5/17,380
9/6/17,408
9/7/17,399
9/8/17,441
9/9/17,418
9/10/17,427
9/11/17,435
9/12/17,414
9/13/17,395
9/14/17,442
9/15/17,440
9/16/17,477
9/17/17,359
9/18/17,428
9/19/17,337
9/20/17,394
9/21/17,382
9/22/17,503
9/23/17,486
9/24/17,358
9/25/17,403
9/26/17,462
9/27/17,478
9/28/17,427
9/29/17,429
9/30/17,425
10/1/17,419
10/2/17,370
10/3/17,437
10/4/17,422
10/5/17,422
10/6/17,445
10/7/17,453
10/8/17,457
10/9/17,407
10/10/17,423
10/11/17,409
10/12/17,412
10/13/17,490
10/14/17,482
10/15/17,416
10/16/17,457
10/17/17,432
10/18/17,432
10/19/17,381
10/20/17,448
10/21/17,426
10/22/17,428
10/23/17,416
10/24/17,366
10/25/17,443
10/26/17,487
10/27/17,492
10/28/17,411
10/29/17,389
10/30/17,424
10/31/17,399
11/1/17,410
11/2/17,370
11/3/17,497
11/4/17,388
11/5/17,398
11/6/17,389
11/7/17,433
11/8/17,445
11/9/17,460
11/10/17,488
11/11/17,429
11/12/17,326
11/13/17,343
11/14/17,445
11/15/17,413
11/16/17,354
11/17/17,419
11/18/17,389
11/19/17,407
11/20/17,427
11/21/17,404
11/22/17,459
11/23/17,283
11/24/17,424
11/25/17,398
11/26/17,369
11/27/17,460
11/28/17,436
11/29/17,409
11/30/17,380
12/1/17,455
12/2/17,384
12/3/17,348
12/4/17,384
12/5/17,393
12/6/17,397
12/7/17,455
12/8/17,416
12/9/17,387
12/10/17,430
12/11/17,405
12/12/17,382
12/13/17,407
12/14/17,439
12/15/17,457
12/16/17,428
12/17/17,394
12/18/17,415
12/19/17,365
12/20/17,424
12/21/17,435
12/22/17,407
12/23/17,434
12/24/17,314
12/25/17,264
12/26/17,316
12/27/17,378
12/28/17,417
12/29/17,404
12/30/17,421
12/31/17,419
1/1/18,421
1/2/18,351
1/3/18,375
1/4/18,412
1/5/18,414
1/6/18,411
1/7/18,400
1/8/18,326
1/9/18,361
1/10/18,393
1/11/18,362
1/12/18,409
1/13/18,399
1/14/18,371
1/15/18,368
1/16/18,341
1/17/18,348
1/18/18,400
1/19/18,409
1/20/18,343
1/21/18,331
1/22/18,370
1/23/18,404
1/24/18,349
1/25/18,365
1/26/18,381
1/27/18,385
1/28/18,345
1/29/18,351
1/30/18,369
1/31/18,339
2/1/18,315
2/2/18,350
2/3/18,348
2/4/18,278
2/5/18,292
2/6/18,295
2/7/18,302
2/8/18,299
2/9/18,320
2/10/18,368
2/11/18,262
2/12/18,266
2/13/18,245
2/14/18,243
2/15/18,198
2/16/18,131
2/17/18,169
2/18/18,121
2/19/18,45
2/20/18,2